,Sentence #,Word,POS,Tag
0,Sentence: 1,Как,SCONJ,O
1,Sentence: 1,«,PUNCT,O
2,Sentence: 1,Интернет,NOUN,O
3,Sentence: 1,вещей,NOUN,O
4,Sentence: 1,»,PUNCT,O
5,Sentence: 1,изменит,VERB,O
6,Sentence: 1,нашу,DET,O
7,Sentence: 1,жизнь,NOUN,O
8,Sentence: 1,через,ADP,O
9,Sentence: 1,5,NUM,O
10,Sentence: 1,лет,NOUN,O
11,Sentence: 1,Опубликовано,VERB,O
12,Sentence: 1,:,PUNCT,O
13,Sentence: 1,23/11/2019,ADJ,O
14,Sentence: 1,Автор,NOUN,O
15,Sentence: 1,:,PUNCT,O
16,Sentence: 1,Андрей,PROPN,O
17,Sentence: 1,ЛапушкинКатегория,PROPN,O
18,Sentence: 1,:,PUNCT,O
19,Sentence: 1,ОбзорыОставить,NOUN,O
20,Sentence: 1,комментарий,NOUN,O
21,Sentence: 1,Internet,X,O
22,Sentence: 1,of,X,O
23,Sentence: 1,thing,X,O
24,Sentence: 1,–,PUNCT,O
25,Sentence: 1,IOT,PROPN,O
26,Sentence: 1,–,PUNCT,O
27,Sentence: 1,Интернет,PROPN,O
28,Sentence: 1,вещей,NOUN,O
29,Sentence: 1,обложка,NOUN,O
30,Sentence: 1,Содержание,PROPN,O
31,Sentence: 1,Что,PRON,O
32,Sentence: 1,такое,DET,O
33,Sentence: 1,интернет,NOUN,O
34,Sentence: 1,вещей,NOUN,O
35,Sentence: 1,Как,SCONJ,O
36,Sentence: 1,технология,NOUN,O
37,Sentence: 1,упрощает,VERB,O
38,Sentence: 1,жизнь,NOUN,O
39,Sentence: 1,Как,ADV,O
40,Sentence: 1,работает,VERB,O
41,Sentence: 1,технология,NOUN,O
42,Sentence: 1,IoT,PROPN,O
43,Sentence: 1,(,PUNCT,O
44,Sentence: 1,internet,X,O
45,Sentence: 1,of,X,O
46,Sentence: 1,things,X,O
47,Sentence: 1,),PUNCT,O
48,Sentence: 1,Главная,ADJ,O
49,Sentence: 1,особенность,NOUN,O
50,Sentence: 1,«,PUNCT,O
51,Sentence: 1,Интернета,NOUN,O
52,Sentence: 1,вещей,NOUN,O
53,Sentence: 1,»,PUNCT,O
54,Sentence: 1,Применение,NOUN,O
55,Sentence: 1,IoT-технологии,PROPN,O
56,Sentence: 1,в,ADP,O
57,Sentence: 1,разных,ADJ,O
58,Sentence: 1,секторах,NOUN,O
59,Sentence: 1,Общественный,ADJ,O
60,Sentence: 1,сектор,NOUN,O
61,Sentence: 1,или,CCONJ,O
62,Sentence: 1,устройство,NOUN,O
63,Sentence: 1,города,NOUN,O
64,Sentence: 1,Аграрный,ADJ,O
65,Sentence: 1,сектор,NOUN,O
66,Sentence: 1,Сектор,PROPN,O
67,Sentence: 1,логистики,NOUN,O
68,Sentence: 1,Строительный,ADJ,O
69,Sentence: 1,сектор,NOUN,O
70,Sentence: 1,Что,PRON,O
71,Sentence: 1,такое,DET,O
72,Sentence: 1,«,PUNCT,O
73,Sentence: 1,умный,ADJ,O
74,Sentence: 1,дом,NOUN,O
75,Sentence: 1,»,PUNCT,O
76,Sentence: 1,Развитие,NOUN,O
77,Sentence: 1,«,PUNCT,O
78,Sentence: 1,умной,ADJ,O
79,Sentence: 1,медицины,NOUN,O
80,Sentence: 1,»,PUNCT,O
81,Sentence: 1,в,ADP,O
82,Sentence: 1,течение,NOUN,O
83,Sentence: 1,пяти,NUM,O
84,Sentence: 1,лет,NOUN,O
85,Sentence: 1,«,PUNCT,O
86,Sentence: 1,Умный,ADJ,O
87,Sentence: 1,ритейл,NOUN,O
88,Sentence: 1,»,PUNCT,O
89,Sentence: 1,или,CCONJ,O
90,Sentence: 1,как,ADV,O
91,Sentence: 1,будут,AUX,O
92,Sentence: 1,выглядеть,VERB,O
93,Sentence: 1,магазины,NOUN,O
94,Sentence: 1,будущего,ADJ,O
95,Sentence: 1,Носимые,PROPN,O
96,Sentence: 1,устройства,NOUN,O
97,Sentence: 1,Умные,ADJ,O
98,Sentence: 1,машины,NOUN,O
99,Sentence: 1,«,PUNCT,O
100,Sentence: 1,Internet,X,O
101,Sentence: 1,of,X,O
102,Sentence: 1,things,X,O
103,Sentence: 1,»,PUNCT,O
104,Sentence: 1,—,PUNCT,O
105,Sentence: 1,ожидания,NOUN,O
106,Sentence: 1,и,CCONJ,O
107,Sentence: 1,реальность,NOUN,O
108,Sentence: 1,Что,PRON,O
109,Sentence: 1,такое,DET,O
110,Sentence: 1,интернет,NOUN,O
111,Sentence: 1,вещей,NOUN,O
112,Sentence: 1,Интернет,PROPN,O
113,Sentence: 1,вещей,NOUN,O
114,Sentence: 1,это,PRON,O
115,Sentence: 1,—,PUNCT,O
116,Sentence: 1,сеть,NOUN,O
117,Sentence: 1,физических,ADJ,O
118,Sentence: 1,предметов,NOUN,O
119,Sentence: 1,(,PUNCT,O
120,Sentence: 1,«,PUNCT,O
121,Sentence: 1,вещей,NOUN,O
122,Sentence: 1,»,PUNCT,O
123,Sentence: 1,),PUNCT,O
124,Sentence: 1,",",PUNCT,O
125,Sentence: 1,которые,PRON,O
126,Sentence: 1,оснащены,VERB,O
127,Sentence: 1,встроенной,VERB,O
128,Sentence: 1,технологией,NOUN,O
129,Sentence: 1,взаимодействия,NOUN,O
130,Sentence: 1,друг,PRON,O
131,Sentence: 1,с,ADP,O
132,Sentence: 1,другом,PRON,O
133,Sentence: 1,и,CCONJ,O
134,Sentence: 1,внешней,ADJ,O
135,Sentence: 1,средой,NOUN,O
136,Sentence: 1,.,PUNCT,O
137,Sentence: 2,Организация,NOUN,O
138,Sentence: 2,таких,DET,O
139,Sentence: 2,сетей,NOUN,O
140,Sentence: 2,рассматривается,VERB,O
141,Sentence: 2,как,SCONJ,O
142,Sentence: 2,явление,NOUN,O
143,Sentence: 2,",",PUNCT,O
144,Sentence: 2,способное,ADJ,O
145,Sentence: 2,перестроить,VERB,O
146,Sentence: 2,как,SCONJ,O
147,Sentence: 2,экономические,ADJ,O
148,Sentence: 2,",",PUNCT,O
149,Sentence: 2,так,ADV,O
150,Sentence: 2,и,PART,O
151,Sentence: 2,общественные,ADJ,O
152,Sentence: 2,процессы,NOUN,O
153,Sentence: 2,посредством,ADP,O
154,Sentence: 2,исключения,NOUN,O
155,Sentence: 2,из,ADP,O
156,Sentence: 2,части,NOUN,O
157,Sentence: 2,действий,NOUN,O
158,Sentence: 2,и,CCONJ,O
159,Sentence: 2,операций,NOUN,O
160,Sentence: 2,необходимость,NOUN,O
161,Sentence: 2,участия,NOUN,O
162,Sentence: 2,человека,NOUN,O
163,Sentence: 2,.,PUNCT,O
164,Sentence: 3,Как,SCONJ,O
165,Sentence: 3,технология,NOUN,O
166,Sentence: 3,упрощает,VERB,O
167,Sentence: 3,жизнь,NOUN,O
168,Sentence: 3,Данная,ADJ,O
169,Sentence: 3,технология,NOUN,O
170,Sentence: 3,автоматизирует,VERB,O
171,Sentence: 3,различные,ADJ,O
172,Sentence: 3,процессы,NOUN,O
173,Sentence: 3,",",PUNCT,O
174,Sentence: 3,которые,PRON,O
175,Sentence: 3,окружают,VERB,O
176,Sentence: 3,нас,PRON,O
177,Sentence: 3,.,PUNCT,O
178,Sentence: 4,Так,ADV,O
179,Sentence: 4,",",PUNCT,O
180,Sentence: 4,например,ADV,O
181,Sentence: 4,",",PUNCT,O
182,Sentence: 4,функция,NOUN,O
183,Sentence: 4,включения,NOUN,O
184,Sentence: 4,или,CCONJ,O
185,Sentence: 4,выключения,NOUN,O
186,Sentence: 4,двигателя,NOUN,O
187,Sentence: 4,и,CCONJ,O
188,Sentence: 4,кондиционера,NOUN,O
189,Sentence: 4,",",PUNCT,O
190,Sentence: 4,настраиваемые,VERB,O
191,Sentence: 4,климатические,ADJ,O
192,Sentence: 4,системы,NOUN,O
193,Sentence: 4,или,CCONJ,O
194,Sentence: 4,домашние,ADJ,O
195,Sentence: 4,кофемашины,NOUN,O
196,Sentence: 4,через,ADP,O
197,Sentence: 4,смартфон,NOUN,O
198,Sentence: 4,.,PUNCT,O
199,Sentence: 5,Устройства,NOUN,O
200,Sentence: 5,связываются,VERB,O
201,Sentence: 5,между,ADP,O
202,Sentence: 5,собой,PRON,O
203,Sentence: 5,в,ADP,O
204,Sentence: 5,единую,ADJ,O
205,Sentence: 5,сеть,NOUN,O
206,Sentence: 5,",",PUNCT,O
207,Sentence: 5,которая,PRON,O
208,Sentence: 5,призвана,ADJ,O
209,Sentence: 5,обеспечить,VERB,O
210,Sentence: 5,максимальный,ADJ,O
211,Sentence: 5,комфорт,NOUN,O
212,Sentence: 5,человеку,NOUN,O
213,Sentence: 5,и,CCONJ,O
214,Sentence: 5,экономию,NOUN,O
215,Sentence: 5,энергоресурсов,NOUN,O
216,Sentence: 5,",",PUNCT,O
217,Sentence: 5,времени,NOUN,O
218,Sentence: 5,.,PUNCT,O
219,Sentence: 6,Как,ADV,O
220,Sentence: 6,работает,VERB,O
221,Sentence: 6,технология,NOUN,O
222,Sentence: 6,IoT,PROPN,O
223,Sentence: 6,(,PUNCT,O
224,Sentence: 6,internet,X,O
225,Sentence: 6,of,X,O
226,Sentence: 6,things,X,O
227,Sentence: 6,),PUNCT,O
228,Sentence: 6,Идея,NOUN,O
229,Sentence: 6,«,PUNCT,O
230,Sentence: 6,Интернет,NOUN,O
231,Sentence: 6,вещей,NOUN,O
232,Sentence: 6,»,PUNCT,O
233,Sentence: 6,(,PUNCT,O
234,Sentence: 6,Internet,X,O
235,Sentence: 6,of,X,O
236,Sentence: 6,Things,X,O
237,Sentence: 6,),PUNCT,O
238,Sentence: 6,заключается,VERB,O
239,Sentence: 6,во,ADP,O
240,Sentence: 6,взаимодействии,NOUN,O
241,Sentence: 6,вещей,NOUN,O
242,Sentence: 6,с,ADP,O
243,Sentence: 6,сервером,NOUN,O
244,Sentence: 6,и,CCONJ,O
245,Sentence: 6,между,ADP,O
246,Sentence: 6,собой,PRON,O
247,Sentence: 6,без,ADP,O
248,Sentence: 6,значительного,ADJ,O
249,Sentence: 6,участия,NOUN,O
250,Sentence: 6,человека,NOUN,O
251,Sentence: 6,.,PUNCT,O
252,Sentence: 7,Главным,ADJ,O
253,Sentence: 7,образом,NOUN,O
254,Sentence: 7,IoT-технология,PROPN,O
255,Sentence: 7,—,PUNCT,O
256,Sentence: 7,это,PART,O
257,Sentence: 7,изменение,NOUN,O
258,Sentence: 7,взаимодействия,NOUN,O
259,Sentence: 7,человека,NOUN,O
260,Sentence: 7,с,ADP,O
261,Sentence: 7,вещами,NOUN,O
262,Sentence: 7,.,PUNCT,O
263,Sentence: 8,Принцип,NOUN,O
264,Sentence: 8,работы,NOUN,O
265,Sentence: 8,IoT,PROPN,O
266,Sentence: 8,технологии,NOUN,O
267,Sentence: 8,можно,ADV,O
268,Sentence: 8,понять,VERB,O
269,Sentence: 8,благодаря,ADP,O
270,Sentence: 8,её,DET,O
271,Sentence: 8,структуре,NOUN,O
272,Sentence: 8,:,PUNCT,O
273,Sentence: 8,IoT-устройства,X,O
274,Sentence: 8,.,PUNCT,O
275,Sentence: 9,«,PUNCT,O
276,Sentence: 9,Интернет,NOUN,O
277,Sentence: 9,вещи,NOUN,O
278,Sentence: 9,»,PUNCT,O
279,Sentence: 9,представляют,VERB,O
280,Sentence: 9,собой,PRON,O
281,Sentence: 9,соединенные,NOUN,O
282,Sentence: 9,через,ADP,O
283,Sentence: 9,сеть,NOUN,O
284,Sentence: 9,предметы,NOUN,O
285,Sentence: 9,электроники,NOUN,O
286,Sentence: 9,и,CCONJ,O
287,Sentence: 9,бытовой,ADJ,O
288,Sentence: 9,техники,NOUN,O
289,Sentence: 9,",",PUNCT,O
290,Sentence: 9,которые,PRON,O
291,Sentence: 9,управляются,VERB,O
292,Sentence: 9,единым,ADJ,O
293,Sentence: 9,центром,NOUN,O
294,Sentence: 9,.,PUNCT,O
295,Sentence: 10,Шлюзы,PROPN,O
296,Sentence: 10,.,PUNCT,O
297,Sentence: 11,Область,PROPN,O
298,Sentence: 11,",",PUNCT,O
299,Sentence: 11,которая,PRON,O
300,Sentence: 11,получает,VERB,O
301,Sentence: 11,информацию,NOUN,O
302,Sentence: 11,от,ADP,O
303,Sentence: 11,взаимозависимых,ADJ,O
304,Sentence: 11,устройств,NOUN,O
305,Sentence: 11,.,PUNCT,O
306,Sentence: 12,Шлюзы,NOUN,O
307,Sentence: 12,передают,VERB,O
308,Sentence: 12,информацию,NOUN,O
309,Sentence: 12,о,ADP,O
310,Sentence: 12,действиях,NOUN,O
311,Sentence: 12,",",PUNCT,O
312,Sentence: 12,которые,PRON,O
313,Sentence: 12,необходимо,ADJ,O
314,Sentence: 12,выполнить,VERB,O
315,Sentence: 12,устройству,NOUN,O
316,Sentence: 12,.,PUNCT,O
317,Sentence: 13,Чаще,ADV,O
318,Sentence: 13,всего,PRON,O
319,Sentence: 13,они,PRON,O
320,Sentence: 13,представлены,VERB,O
321,Sentence: 13,маршрутизаторами,ADJ,O
322,Sentence: 13,или,CCONJ,O
323,Sentence: 13,программным,ADJ,O
324,Sentence: 13,обеспечением,NOUN,O
325,Sentence: 13,.,PUNCT,O
326,Sentence: 14,Сервер,NOUN,O
327,Sentence: 14,.,PUNCT,O
328,Sentence: 15,Эта,DET,O
329,Sentence: 15,область,NOUN,O
330,Sentence: 15,хранения,NOUN,O
331,Sentence: 15,",",PUNCT,O
332,Sentence: 15,обработки,NOUN,O
333,Sentence: 15,и,CCONJ,O
334,Sentence: 15,анализа,NOUN,O
335,Sentence: 15,показания,NOUN,O
336,Sentence: 15,датчиков,NOUN,O
337,Sentence: 15,.,PUNCT,O
338,Sentence: 16,Данные,NOUN,O
339,Sentence: 16,накапливаются,VERB,O
340,Sentence: 16,и,CCONJ,O
341,Sentence: 16,обрабатываются,VERB,O
342,Sentence: 16,в,ADP,O
343,Sentence: 16,облаке,NOUN,O
344,Sentence: 16,или,CCONJ,O
345,Sentence: 16,в,ADP,O
346,Sentence: 16,базе,NOUN,O
347,Sentence: 16,виртуального,ADJ,O
348,Sentence: 16,сервера,NOUN,O
349,Sentence: 16,.,PUNCT,O
350,Sentence: 17,Клиентская,ADJ,O
351,Sentence: 17,часть,NOUN,O
352,Sentence: 17,.,PUNCT,O
353,Sentence: 18,Отслеживание,NOUN,O
354,Sentence: 18,и,CCONJ,O
355,Sentence: 18,изменение,NOUN,O
356,Sentence: 18,действий,NOUN,O
357,Sentence: 18,человеком,NOUN,O
358,Sentence: 18,через,ADP,O
359,Sentence: 18,мобильное,ADJ,O
360,Sentence: 18,или,CCONJ,O
361,Sentence: 18,веб-приложение,ADJ,O
362,Sentence: 18,.,PUNCT,O
363,Sentence: 19,Клиентская,ADJ,O
364,Sentence: 19,часть,NOUN,O
365,Sentence: 19,обеспечивает,VERB,O
366,Sentence: 19,доступ,NOUN,O
367,Sentence: 19,к,ADP,O
368,Sentence: 19,показателям,NOUN,O
369,Sentence: 19,за,ADP,O
370,Sentence: 19,разные,ADJ,O
371,Sentence: 19,периоды,NOUN,O
372,Sentence: 19,времени,NOUN,O
373,Sentence: 19,.,PUNCT,O
374,Sentence: 20,Благодаря,ADP,O
375,Sentence: 20,этому,PRON,O
376,Sentence: 20,доступу,NOUN,O
377,Sentence: 20,",",PUNCT,O
378,Sentence: 20,мы,PRON,O
379,Sentence: 20,можем,VERB,O
380,Sentence: 20,отслеживать,VERB,O
381,Sentence: 20,и,CCONJ,O
382,Sentence: 20,контролировать,VERB,O
383,Sentence: 20,",",PUNCT,O
384,Sentence: 20,анализировать,VERB,O
385,Sentence: 20,и,CCONJ,O
386,Sentence: 20,снижать,VERB,O
387,Sentence: 20,издержки,NOUN,O
388,Sentence: 20,на,ADP,O
389,Sentence: 20,затраты,NOUN,O
390,Sentence: 20,",",PUNCT,O
391,Sentence: 20,если,SCONJ,O
392,Sentence: 20,они,PRON,O
393,Sentence: 20,присутствуют,VERB,O
394,Sentence: 20,.,PUNCT,O
395,Sentence: 21,«,PUNCT,O
396,Sentence: 21,Интернет,NOUN,O
397,Sentence: 21,вещей,NOUN,O
398,Sentence: 21,»,PUNCT,O
399,Sentence: 21,—,PUNCT,O
400,Sentence: 21,это,PART,O
401,Sentence: 21,не,PART,O
402,Sentence: 21,только,PART,O
403,Sentence: 21,множество,NOUN,O
404,Sentence: 21,датчиков,NOUN,O
405,Sentence: 21,и,CCONJ,O
406,Sentence: 21,девайсов,NOUN,O
407,Sentence: 21,",",PUNCT,O
408,Sentence: 21,объединенных,VERB,O
409,Sentence: 21,между,ADP,O
410,Sentence: 21,собой,PRON,O
411,Sentence: 21,проводными,ADJ,O
412,Sentence: 21,и,CCONJ,O
413,Sentence: 21,беспроводными,ADJ,O
414,Sentence: 21,сетями,NOUN,O
415,Sentence: 21,.,PUNCT,O
416,Sentence: 22,В,ADP,O
417,Sentence: 22,данный,ADJ,O
418,Sentence: 22,момент,NOUN,O
419,Sentence: 22,это,PRON,O
420,Sentence: 22,тесная,ADJ,O
421,Sentence: 22,интеграция,NOUN,O
422,Sentence: 22,реального,ADJ,O
423,Sentence: 22,и,CCONJ,O
424,Sentence: 22,виртуального,ADJ,O
425,Sentence: 22,миров,NOUN,O
426,Sentence: 22,",",PUNCT,O
427,Sentence: 22,где,ADV,O
428,Sentence: 22,осуществляется,VERB,O
429,Sentence: 22,«,PUNCT,O
430,Sentence: 22,общение,NOUN,O
431,Sentence: 22,»,PUNCT,O
432,Sentence: 22,между,ADP,O
433,Sentence: 22,устройствами,NOUN,O
434,Sentence: 22,и,CCONJ,O
435,Sentence: 22,людьми,NOUN,O
436,Sentence: 22,.,PUNCT,O
437,Sentence: 23,Кратко,ADV,O
438,Sentence: 23,IoT,PROPN,O
439,Sentence: 23,–,PUNCT,O
440,Sentence: 23,технологию,NOUN,O
441,Sentence: 23,можно,ADV,O
442,Sentence: 23,объяснить,VERB,O
443,Sentence: 23,так,ADV,O
444,Sentence: 23,:,PUNCT,O
445,Sentence: 23,это,PRON,O
446,Sentence: 23,взаимодействие,NOUN,O
447,Sentence: 23,девайсов,NOUN,O
448,Sentence: 23,по,ADP,O
449,Sentence: 23,схеме,NOUN,O
450,Sentence: 23,«,PUNCT,O
451,Sentence: 23,машина-машина,NOUN,O
452,Sentence: 23,»,PUNCT,O
453,Sentence: 23,с,ADP,O
454,Sentence: 23,минимальным,ADJ,O
455,Sentence: 23,участием,NOUN,O
456,Sentence: 23,человека,NOUN,O
457,Sentence: 23,в,ADP,O
458,Sentence: 23,процессе,NOUN,O
459,Sentence: 23,.,PUNCT,O
460,Sentence: 24,Главная,ADJ,O
461,Sentence: 24,особенность,NOUN,O
462,Sentence: 24,«,PUNCT,O
463,Sentence: 24,Интернета,NOUN,O
464,Sentence: 24,вещей,NOUN,O
465,Sentence: 24,»,PUNCT,O
466,Sentence: 24,Особенность,NOUN,O
467,Sentence: 24,«,PUNCT,O
468,Sentence: 24,Интернет,NOUN,O
469,Sentence: 24,вещей,NOUN,O
470,Sentence: 24,»,PUNCT,O
471,Sentence: 24,состоит,VERB,O
472,Sentence: 24,в,ADP,O
473,Sentence: 24,том,PRON,O
474,Sentence: 24,",",PUNCT,O
475,Sentence: 24,что,SCONJ,O
476,Sentence: 24,она,PRON,O
477,Sentence: 24,упрощает,VERB,O
478,Sentence: 24,жизнь,NOUN,O
479,Sentence: 24,человека,NOUN,O
480,Sentence: 24,посредством,ADP,O
481,Sentence: 24,контроля,NOUN,O
482,Sentence: 24,окружающей,VERB,O
483,Sentence: 24,среды,NOUN,O
484,Sentence: 24,через,ADP,O
485,Sentence: 24,цифровые,ADJ,O
486,Sentence: 24,средства,NOUN,O
487,Sentence: 24,.,PUNCT,O
488,Sentence: 25,Технология,NOUN,O
489,Sentence: 25,представляет,VERB,O
490,Sentence: 25,собой,PRON,O
491,Sentence: 25,концепцию,NOUN,O
492,Sentence: 25,пространства,NOUN,O
493,Sentence: 25,",",PUNCT,O
494,Sentence: 25,в,ADP,O
495,Sentence: 25,котором,PRON,O
496,Sentence: 25,девайсы,NOUN,O
497,Sentence: 25,совмещены,VERB,O
498,Sentence: 25,между,ADP,O
499,Sentence: 25,собой,PRON,O
500,Sentence: 25,и,PART,O
501,Sentence: 25,не,PART,O
502,Sentence: 25,требуют,VERB,O
503,Sentence: 25,вмешательства,NOUN,O
504,Sentence: 25,человека,NOUN,O
505,Sentence: 25,в,ADP,O
506,Sentence: 25,работу,NOUN,O
507,Sentence: 25,устройств,NOUN,O
508,Sentence: 25,.,PUNCT,O
509,Sentence: 26,Применение,NOUN,O
510,Sentence: 26,IoT-технологии,PROPN,O
511,Sentence: 26,в,ADP,O
512,Sentence: 26,разных,ADJ,O
513,Sentence: 26,секторах,NOUN,O
514,Sentence: 26,Общественный,ADJ,O
515,Sentence: 26,сектор,NOUN,O
516,Sentence: 26,или,CCONJ,O
517,Sentence: 26,устройство,NOUN,O
518,Sentence: 26,города,NOUN,O
519,Sentence: 26,Общественный,ADJ,O
520,Sentence: 26,транспорт,NOUN,O
521,Sentence: 26,в,ADP,O
522,Sentence: 26,городе,NOUN,O
523,Sentence: 26,подключен,VERB,O
524,Sentence: 26,к,ADP,O
525,Sentence: 26,датчикам,NOUN,O
526,Sentence: 26,перемещения,NOUN,O
527,Sentence: 26,",",PUNCT,O
528,Sentence: 26,человек,NOUN,O
529,Sentence: 26,может,VERB,O
530,Sentence: 26,отследить,VERB,O
531,Sentence: 26,время,NOUN,O
532,Sentence: 26,прибытия,NOUN,O
533,Sentence: 26,конкретного,ADJ,O
534,Sentence: 26,транспортного,ADJ,O
535,Sentence: 26,средства,NOUN,O
536,Sentence: 26,.,PUNCT,O
537,Sentence: 27,На,ADP,O
538,Sentence: 27,мусорных,ADJ,O
539,Sentence: 27,баках,NOUN,O
540,Sentence: 27,все,PART,O
541,Sentence: 27,чаще,ADV,O
542,Sentence: 27,устанавливаются,VERB,O
543,Sentence: 27,датчики,NOUN,O
544,Sentence: 27,наполнения,NOUN,O
545,Sentence: 27,",",PUNCT,O
546,Sentence: 27,это,PRON,O
547,Sentence: 27,позволяет,VERB,O
548,Sentence: 27,своевременно,ADV,O
549,Sentence: 27,увозить,VERB,O
550,Sentence: 27,мусор,NOUN,O
551,Sentence: 27,.,PUNCT,O
552,Sentence: 28,Устанавливается,VERB,O
553,Sentence: 28,контроль,NOUN,O
554,Sentence: 28,над,ADP,O
555,Sentence: 28,уровнем,NOUN,O
556,Sentence: 28,воды,NOUN,O
557,Sentence: 28,в,ADP,O
558,Sentence: 28,водоемах,NOUN,O
559,Sentence: 28,без,ADP,O
560,Sentence: 28,участия,NOUN,O
561,Sentence: 28,человека,NOUN,O
562,Sentence: 28,.,PUNCT,O
563,Sentence: 29,Датчики,NOUN,O
564,Sentence: 29,шума,NOUN,O
565,Sentence: 29,и,CCONJ,O
566,Sentence: 29,загрязнения,NOUN,O
567,Sentence: 29,делают,VERB,O
568,Sentence: 29,город,NOUN,O
569,Sentence: 29,безопаснее,ADJ,O
570,Sentence: 29,.,PUNCT,O
571,Sentence: 30,Аграрный,ADJ,O
572,Sentence: 30,сектор,NOUN,O
573,Sentence: 30,«,PUNCT,O
574,Sentence: 30,Интернет,NOUN,O
575,Sentence: 30,вещей,NOUN,O
576,Sentence: 30,»,PUNCT,O
577,Sentence: 30,позволили,VERB,O
578,Sentence: 30,агрономам,NOUN,O
579,Sentence: 30,избавиться,VERB,O
580,Sentence: 30,от,ADP,O
581,Sentence: 30,относительного,ADJ,O
582,Sentence: 30,состояния,NOUN,O
583,Sentence: 30,почв,NOUN,O
584,Sentence: 30,.,PUNCT,O
585,Sentence: 31,Установленная,VERB,O
586,Sentence: 31,IoT-технология,PROPN,O
587,Sentence: 31,в,ADP,O
588,Sentence: 31,виде,NOUN,O
589,Sentence: 31,датчиков,NOUN,O
590,Sentence: 31,фиксирует,VERB,O
591,Sentence: 31,различные,ADJ,O
592,Sentence: 31,показатели,NOUN,O
593,Sentence: 31,состояния,NOUN,O
594,Sentence: 31,почвы,NOUN,O
595,Sentence: 31,:,PUNCT,O
596,Sentence: 31,влага,NOUN,O
597,Sentence: 31,",",PUNCT,O
598,Sentence: 31,питание,NOUN,O
599,Sentence: 31,растений,NOUN,O
600,Sentence: 31,",",PUNCT,O
601,Sentence: 31,температура,NOUN,O
602,Sentence: 31,.,PUNCT,O
603,Sentence: 32,Теперь,ADV,O
604,Sentence: 32,нет,VERB,O
605,Sentence: 32,необходимости,NOUN,O
606,Sentence: 32,обходить,VERB,O
607,Sentence: 32,поля,NOUN,O
608,Sentence: 32,",",PUNCT,O
609,Sentence: 32,чтобы,SCONJ,O
610,Sentence: 32,контролировать,VERB,O
611,Sentence: 32,урожай,NOUN,O
612,Sentence: 32,",",PUNCT,O
613,Sentence: 32,работу,NOUN,O
614,Sentence: 32,отныне,ADV,O
615,Sentence: 32,могут,VERB,O
616,Sentence: 32,выполнить,VERB,O
617,Sentence: 32,гаджеты,NOUN,O
618,Sentence: 32,.,PUNCT,O
619,Sentence: 33,Так,ADV,O
620,Sentence: 33,",",PUNCT,O
621,Sentence: 33,например,ADV,O
622,Sentence: 33,",",PUNCT,O
623,Sentence: 33,небольшая,ADJ,O
624,Sentence: 33,страна,NOUN,O
625,Sentence: 33,Нидерланды,PROPN,O
626,Sentence: 33,активно,ADV,O
627,Sentence: 33,применяют,VERB,O
628,Sentence: 33,технологию,NOUN,O
629,Sentence: 33,IoT,PROPN,O
630,Sentence: 33,",",PUNCT,O
631,Sentence: 33,и,CCONJ,O
632,Sentence: 33,на,ADP,O
633,Sentence: 33,данный,ADJ,O
634,Sentence: 33,момент,NOUN,O
635,Sentence: 33,является,VERB,O
636,Sentence: 33,одной,NUM,O
637,Sentence: 33,страной,NOUN,O
638,Sentence: 33,из,ADP,O
639,Sentence: 33,мировых,ADJ,O
640,Sentence: 33,лидеров,NOUN,O
641,Sentence: 33,по,ADP,O
642,Sentence: 33,выращиванию,NOUN,O
643,Sentence: 33,продуктов,NOUN,O
644,Sentence: 33,питания,NOUN,O
645,Sentence: 33,",",PUNCT,O
646,Sentence: 33,это,PRON,O
647,Sentence: 33,стало,VERB,O
648,Sentence: 33,возможным,ADJ,O
649,Sentence: 33,благодаря,ADP,O
650,Sentence: 33,применению,NOUN,O
651,Sentence: 33,«,PUNCT,O
652,Sentence: 33,Интернет,NOUN,O
653,Sentence: 33,вещей,NOUN,O
654,Sentence: 33,»,PUNCT,O
655,Sentence: 33,.,PUNCT,O
656,Sentence: 34,Сектор,NOUN,O
657,Sentence: 34,логистики,NOUN,O
658,Sentence: 34,«,PUNCT,O
659,Sentence: 34,Интернет,NOUN,O
660,Sentence: 34,вещей,NOUN,O
661,Sentence: 34,»,PUNCT,O
662,Sentence: 34,упростили,VERB,O
663,Sentence: 34,доставку,NOUN,O
664,Sentence: 34,товаров,NOUN,O
665,Sentence: 34,с,ADP,O
666,Sentence: 34,производства,NOUN,O
667,Sentence: 34,или,CCONJ,O
668,Sentence: 34,магазинов,NOUN,O
669,Sentence: 34,к,ADP,O
670,Sentence: 34,покупателю,NOUN,O
671,Sentence: 34,благодаря,ADP,O
672,Sentence: 34,отслеживанию,NOUN,O
673,Sentence: 34,посылки,NOUN,O
674,Sentence: 34,.,PUNCT,O
675,Sentence: 35,На,ADP,O
676,Sentence: 35,данный,ADJ,O
677,Sentence: 35,момент,NOUN,O
678,Sentence: 35,в,ADP,O
679,Sentence: 35,логистических,ADJ,O
680,Sentence: 35,компаниях,NOUN,O
681,Sentence: 35,активно,ADV,O
682,Sentence: 35,применяется,VERB,O
683,Sentence: 35,отслеживание,NOUN,O
684,Sentence: 35,грузовых,ADJ,O
685,Sentence: 35,автомобилей,NOUN,O
686,Sentence: 35,по,ADP,O
687,Sentence: 35,датчикам,NOUN,O
688,Sentence: 35,",",PUNCT,O
689,Sentence: 35,их,DET,O
690,Sentence: 35,состояние,NOUN,O
691,Sentence: 35,и,CCONJ,O
692,Sentence: 35,выбросы,NOUN,O
693,Sentence: 35,в,ADP,O
694,Sentence: 35,окружающую,VERB,O
695,Sentence: 35,среду,NOUN,O
696,Sentence: 35,.,PUNCT,O
697,Sentence: 36,Строительный,ADJ,O
698,Sentence: 36,сектор,NOUN,O
699,Sentence: 36,Наибольшую,ADJ,O
700,Sentence: 36,популярность,NOUN,O
701,Sentence: 36,в,ADP,O
702,Sentence: 36,современном,ADJ,O
703,Sentence: 36,мире,NOUN,O
704,Sentence: 36,набирает,VERB,O
705,Sentence: 36,технология,NOUN,O
706,Sentence: 36,«,PUNCT,O
707,Sentence: 36,Умный,ADJ,O
708,Sentence: 36,дом,NOUN,O
709,Sentence: 36,»,PUNCT,O
710,Sentence: 36,.,PUNCT,O
711,Sentence: 37,Можно,ADV,O
712,Sentence: 37,сказать,VERB,O
713,Sentence: 37,",",PUNCT,O
714,Sentence: 37,что,SCONJ,O
715,Sentence: 37,умные,ADJ,O
716,Sentence: 37,счетчики,NOUN,O
717,Sentence: 37,фиксируют,VERB,O
718,Sentence: 37,сколько,NUM,O
719,Sentence: 37,энергии,NOUN,O
720,Sentence: 37,и,CCONJ,O
721,Sentence: 37,затрат,NOUN,O
722,Sentence: 37,на,ADP,O
723,Sentence: 37,неё,ADV,O
724,Sentence: 37,было,AUX,O
725,Sentence: 37,потрачено,VERB,O
726,Sentence: 37,в,ADP,O
727,Sentence: 37,определенном,ADJ,O
728,Sentence: 37,месяце,NOUN,O
729,Sentence: 37,",",PUNCT,O
730,Sentence: 37,показания,NOUN,O
731,Sentence: 37,передаются,VERB,O
732,Sentence: 37,на,ADP,O
733,Sentence: 37,оплату,NOUN,O
734,Sentence: 37,без,ADP,O
735,Sentence: 37,участия,NOUN,O
736,Sentence: 37,человека,NOUN,O
737,Sentence: 37,.,PUNCT,O
738,Sentence: 38,Данная,ADJ,O
739,Sentence: 38,технология,NOUN,O
740,Sentence: 38,представляет,VERB,O
741,Sentence: 38,широкий,ADJ,O
742,Sentence: 38,спектр,NOUN,O
743,Sentence: 38,предоставляемых,VERB,O
744,Sentence: 38,услуг,NOUN,O
745,Sentence: 38,.,PUNCT,O
746,Sentence: 39,Что,PRON,O
747,Sentence: 39,такое,DET,O
748,Sentence: 39,«,PUNCT,O
749,Sentence: 39,умный,ADJ,O
750,Sentence: 39,дом,NOUN,O
751,Sentence: 39,»,PUNCT,O
752,Sentence: 39,Умный,ADJ,O
753,Sentence: 39,дом,NOUN,O
754,Sentence: 39,Понятие,PROPN,O
755,Sentence: 39,«,PUNCT,O
756,Sentence: 39,Умный,ADJ,O
757,Sentence: 39,дом,NOUN,O
758,Sentence: 39,»,PUNCT,O
759,Sentence: 39,появилось,VERB,O
760,Sentence: 39,еще,ADV,O
761,Sentence: 39,в,ADP,O
762,Sentence: 39,1985,ADJ,O
763,Sentence: 39,году,NOUN,O
764,Sentence: 39,",",PUNCT,O
765,Sentence: 39,тогда,ADV,O
766,Sentence: 39,в,ADP,O
767,Sentence: 39,США,PROPN,O
768,Sentence: 39,была,AUX,O
769,Sentence: 39,разработана,VERB,O
770,Sentence: 39,система,NOUN,O
771,Sentence: 39,«,PUNCT,O
772,Sentence: 39,Unity,PROPN,O
773,Sentence: 39,»,PUNCT,O
774,Sentence: 39,",",PUNCT,O
775,Sentence: 39,которая,PRON,O
776,Sentence: 39,управляла,VERB,O
777,Sentence: 39,безопасностью,NOUN,O
778,Sentence: 39,дома,ADV,O
779,Sentence: 39,.,PUNCT,O
780,Sentence: 40,В,ADP,O
781,Sentence: 40,настоящее,ADJ,O
782,Sentence: 40,время,NOUN,O
783,Sentence: 40,«,PUNCT,O
784,Sentence: 40,Smart,X,O
785,Sentence: 40,Home,X,O
786,Sentence: 40,»,PUNCT,O
787,Sentence: 40,подразумевает,VERB,O
788,Sentence: 40,под,ADP,O
789,Sentence: 40,собой,PRON,O
790,Sentence: 40,не,PART,O
791,Sentence: 40,только,PART,O
792,Sentence: 40,управление,NOUN,O
793,Sentence: 40,безопасностью,NOUN,O
794,Sentence: 40,",",PUNCT,O
795,Sentence: 40,технология,NOUN,O
796,Sentence: 40,регулирует,VERB,O
797,Sentence: 40,и,CCONJ,O
798,Sentence: 40,контролирует,VERB,O
799,Sentence: 40,более,ADV,O
800,Sentence: 40,сложные,ADJ,O
801,Sentence: 40,процессы,NOUN,O
802,Sentence: 40,.,PUNCT,O
803,Sentence: 41,В,ADP,O
804,Sentence: 41,концепцию,NOUN,O
805,Sentence: 41,«,PUNCT,O
806,Sentence: 41,Умный,ADJ,O
807,Sentence: 41,дом,NOUN,O
808,Sentence: 41,»,PUNCT,O
809,Sentence: 41,включены,VERB,O
810,Sentence: 41,датчики,NOUN,O
811,Sentence: 41,и,CCONJ,O
812,Sentence: 41,управляющие,VERB,O
813,Sentence: 41,элементы,NOUN,O
814,Sentence: 41,",",PUNCT,O
815,Sentence: 41,исполнительные,ADJ,O
816,Sentence: 41,устройства,NOUN,O
817,Sentence: 41,",",PUNCT,O
818,Sentence: 41,которые,PRON,O
819,Sentence: 41,настраиваются,VERB,O
820,Sentence: 41,и,CCONJ,O
821,Sentence: 41,программируются,VERB,O
822,Sentence: 41,под,ADP,O
823,Sentence: 41,потребности,NOUN,O
824,Sentence: 41,определенного,VERB,O
825,Sentence: 41,пользователя,NOUN,O
826,Sentence: 41,.,PUNCT,O
827,Sentence: 42,Управляющие,VERB,O
828,Sentence: 42,элементы,NOUN,O
829,Sentence: 42,получают,VERB,O
830,Sentence: 42,сигнал,NOUN,O
831,Sentence: 42,с,ADP,O
832,Sentence: 42,датчиков,NOUN,O
833,Sentence: 42,и,CCONJ,O
834,Sentence: 42,контролируют,VERB,O
835,Sentence: 42,работу,NOUN,O
836,Sentence: 42,устройств,NOUN,O
837,Sentence: 42,",",PUNCT,O
838,Sentence: 42,которые,PRON,O
839,Sentence: 42,исполняют,VERB,O
840,Sentence: 42,задачу,NOUN,O
841,Sentence: 42,",",PUNCT,O
842,Sentence: 42,следуя,VERB,O
843,Sentence: 42,заданным,VERB,O
844,Sentence: 42,алгоритмам,NOUN,O
845,Sentence: 42,.,PUNCT,O
846,Sentence: 43,Система,NOUN,O
847,Sentence: 43,отслеживает,VERB,O
848,Sentence: 43,и,CCONJ,O
849,Sentence: 43,регулирует,VERB,O
850,Sentence: 43,отопление,NOUN,O
851,Sentence: 43,и,CCONJ,O
852,Sentence: 43,охлаждение,NOUN,O
853,Sentence: 43,дома,NOUN,O
854,Sentence: 43,",",PUNCT,O
855,Sentence: 43,охранную,NOUN,O
856,Sentence: 43,и,CCONJ,O
857,Sentence: 43,пожарную,ADJ,O
858,Sentence: 43,сигнализацию,NOUN,O
859,Sentence: 43,",",PUNCT,O
860,Sentence: 43,видеонаблюдение,NOUN,O
861,Sentence: 43,и,CCONJ,O
862,Sentence: 43,освещение,NOUN,O
863,Sentence: 43,.,PUNCT,O
864,Sentence: 44,«,PUNCT,O
865,Sentence: 44,Умный,ADJ,O
866,Sentence: 44,дом,NOUN,O
867,Sentence: 44,»,PUNCT,O
868,Sentence: 44,объединяет,VERB,O
869,Sentence: 44,показания,NOUN,O
870,Sentence: 44,«,PUNCT,O
871,Sentence: 44,умных,ADJ,O
872,Sentence: 44,»,PUNCT,O
873,Sentence: 44,приборов,NOUN,O
874,Sentence: 44,и,CCONJ,O
875,Sentence: 44,трансформирует,VERB,O
876,Sentence: 44,пользователю,NOUN,O
877,Sentence: 44,в,ADP,O
878,Sentence: 44,удобном,ADJ,O
879,Sentence: 44,для,ADP,O
880,Sentence: 44,него,PRON,O
881,Sentence: 44,виде,NOUN,O
882,Sentence: 44,–,PUNCT,O
883,Sentence: 44,на,ADP,O
884,Sentence: 44,экран,NOUN,O
885,Sentence: 44,телевизора,NOUN,O
886,Sentence: 44,или,CCONJ,O
887,Sentence: 44,смартфона,NOUN,O
888,Sentence: 44,.,PUNCT,O
889,Sentence: 45,Главная,ADJ,O
890,Sentence: 45,задача,NOUN,O
891,Sentence: 45,«,PUNCT,O
892,Sentence: 45,Интернет,NOUN,O
893,Sentence: 45,вещей,NOUN,O
894,Sentence: 45,»,PUNCT,O
895,Sentence: 45,и,CCONJ,O
896,Sentence: 45,в,ADP,O
897,Sentence: 45,частности,NOUN,O
898,Sentence: 45,«,PUNCT,O
899,Sentence: 45,Умного,ADJ,O
900,Sentence: 45,дома,NOUN,O
901,Sentence: 45,»,PUNCT,O
902,Sentence: 45,—,PUNCT,O
903,Sentence: 45,это,PART,O
904,Sentence: 45,упрощение,NOUN,O
905,Sentence: 45,и,CCONJ,O
906,Sentence: 45,существенная,ADJ,O
907,Sentence: 45,экономия,NOUN,O
908,Sentence: 45,средств,NOUN,O
909,Sentence: 45,и,CCONJ,O
910,Sentence: 45,времени,NOUN,O
911,Sentence: 45,.,PUNCT,O
912,Sentence: 46,Разработчики,NOUN,O
913,Sentence: 46,IoT-технологии,PROPN,O
914,Sentence: 46,также,ADV,O
915,Sentence: 46,сделали,VERB,O
916,Sentence: 46,большой,ADJ,O
917,Sentence: 46,шаг,NOUN,O
918,Sentence: 46,вперед,ADV,O
919,Sentence: 46,в,ADP,O
920,Sentence: 46,не,PART,O
921,Sentence: 46,самую,ADJ,O
922,Sentence: 46,очевидную,ADJ,O
923,Sentence: 46,",",PUNCT,O
924,Sentence: 46,но,CCONJ,O
925,Sentence: 46,важную,ADJ,O
926,Sentence: 46,область,NOUN,O
927,Sentence: 46,здравоохранения,NOUN,O
928,Sentence: 46,–,PUNCT,O
929,Sentence: 46,медицину,NOUN,O
930,Sentence: 46,.,PUNCT,O
931,Sentence: 47,Развитие,NOUN,O
932,Sentence: 47,«,PUNCT,O
933,Sentence: 47,умной,ADJ,O
934,Sentence: 47,медицины,NOUN,O
935,Sentence: 47,»,PUNCT,O
936,Sentence: 47,в,ADP,O
937,Sentence: 47,течение,NOUN,O
938,Sentence: 47,пяти,NUM,O
939,Sentence: 47,лет,NOUN,O
940,Sentence: 47,Умная,ADJ,O
941,Sentence: 47,медицина,NOUN,O
942,Sentence: 47,Аналитики,PROPN,O
943,Sentence: 47,компании,NOUN,O
944,Sentence: 47,Markets,X,O
945,Sentence: 47,and,X,O
946,Sentence: 47,Markets,X,O
947,Sentence: 47,считают,VERB,O
948,Sentence: 47,",",PUNCT,O
949,Sentence: 47,что,SCONJ,O
950,Sentence: 47,в,ADP,O
951,Sentence: 47,ближайшие,ADJ,O
952,Sentence: 47,пять,NUM,O
953,Sentence: 47,лет,NOUN,O
954,Sentence: 47,медицина,NOUN,O
955,Sentence: 47,станет,VERB,O
956,Sentence: 47,самым,ADJ,O
957,Sentence: 47,быстрорастущим,ADJ,O
958,Sentence: 47,сегментом,NOUN,O
959,Sentence: 47,«,PUNCT,O
960,Sentence: 47,Интернет,NOUN,O
961,Sentence: 47,вещей,NOUN,O
962,Sentence: 47,»,PUNCT,O
963,Sentence: 47,.,PUNCT,O
964,Sentence: 48,«,PUNCT,O
965,Sentence: 48,Интернет-вещей,PROPN,O
966,Sentence: 48,»,PUNCT,O
967,Sentence: 48,в,ADP,O
968,Sentence: 48,медицине,NOUN,O
969,Sentence: 48,–,PUNCT,O
970,Sentence: 48,это,PART,O
971,Sentence: 48,сеть,NOUN,O
972,Sentence: 48,подключенных,VERB,O
973,Sentence: 48,медицинских,ADJ,O
974,Sentence: 48,девайсов,NOUN,O
975,Sentence: 48,",",PUNCT,O
976,Sentence: 48,которые,PRON,O
977,Sentence: 48,собирают,VERB,O
978,Sentence: 48,данные,NOUN,O
979,Sentence: 48,и,CCONJ,O
980,Sentence: 48,передают,VERB,O
981,Sentence: 48,их,PRON,O
982,Sentence: 48,в,ADP,O
983,Sentence: 48,ИТ-систему,NOUN,O
984,Sentence: 48,для,ADP,O
985,Sentence: 48,дальнейшего,ADJ,O
986,Sentence: 48,анализа,NOUN,O
987,Sentence: 48,.,PUNCT,O
988,Sentence: 49,Девайсами,PROPN,O
989,Sentence: 49,могут,VERB,O
990,Sentence: 49,быть,AUX,O
991,Sentence: 49,носимые,ADJ,O
992,Sentence: 49,устройства,NOUN,O
993,Sentence: 49,",",PUNCT,O
994,Sentence: 49,мобильные,ADJ,O
995,Sentence: 49,приложения,NOUN,O
996,Sentence: 49,",",PUNCT,O
997,Sentence: 49,таблетки,NOUN,O
998,Sentence: 49,",",PUNCT,O
999,Sentence: 49,смарт-кровати,NOUN,O
1000,Sentence: 49,и,CCONJ,O
1001,Sentence: 49,умные,ADJ,O
1002,Sentence: 49,измерительные,ADJ,O
1003,Sentence: 49,устройства,NOUN,O
1004,Sentence: 49,.,PUNCT,O
1005,Sentence: 50,Технология,NOUN,O
1006,Sentence: 50,—,PUNCT,O
1007,Sentence: 50,IoT,PROPN,O
1008,Sentence: 50,в,ADP,O
1009,Sentence: 50,медицине,NOUN,O
1010,Sentence: 50,изменит,VERB,O
1011,Sentence: 50,лечение,NOUN,O
1012,Sentence: 50,пациентов,NOUN,O
1013,Sentence: 50,",",PUNCT,O
1014,Sentence: 50,отслеживание,NOUN,O
1015,Sentence: 50,состояния,NOUN,O
1016,Sentence: 50,",",PUNCT,O
1017,Sentence: 50,сбор,NOUN,O
1018,Sentence: 50,информации,NOUN,O
1019,Sentence: 50,.,PUNCT,O
1020,Sentence: 51,Решения,NOUN,O
1021,Sentence: 51,—,PUNCT,O
1022,Sentence: 51,IoT,PROPN,O
1023,Sentence: 51,будут,AUX,O
1024,Sentence: 51,предоставлять,VERB,O
1025,Sentence: 51,данные,NOUN,O
1026,Sentence: 51,по,ADP,O
1027,Sentence: 51,текущему,ADJ,O
1028,Sentence: 51,состоянию,NOUN,O
1029,Sentence: 51,пациента,NOUN,O
1030,Sentence: 51,",",PUNCT,O
1031,Sentence: 51,следить,VERB,O
1032,Sentence: 51,за,ADP,O
1033,Sentence: 51,его,DET,O
1034,Sentence: 51,изменениями,NOUN,O
1035,Sentence: 51,и,CCONJ,O
1036,Sentence: 51,автоматически,ADV,O
1037,Sentence: 51,предупреждать,VERB,O
1038,Sentence: 51,о,ADP,O
1039,Sentence: 51,потенциальных,ADJ,O
1040,Sentence: 51,проблемах,NOUN,O
1041,Sentence: 51,до,ADP,O
1042,Sentence: 51,того,PRON,O
1043,Sentence: 51,",",PUNCT,O
1044,Sentence: 51,как,SCONJ,O
1045,Sentence: 51,они,PRON,O
1046,Sentence: 51,станут,VERB,O
1047,Sentence: 51,критическими,ADJ,O
1048,Sentence: 51,.,PUNCT,O
1049,Sentence: 52,Анализ,NOUN,O
1050,Sentence: 52,данных,NOUN,O
1051,Sentence: 52,с,ADP,O
1052,Sentence: 52,помощью,NOUN,O
1053,Sentence: 52,устройств,NOUN,O
1054,Sentence: 52,направлен,VERB,O
1055,Sentence: 52,на,ADP,O
1056,Sentence: 52,улучшение,NOUN,O
1057,Sentence: 52,диагностики,NOUN,O
1058,Sentence: 52,состояния,NOUN,O
1059,Sentence: 52,пациентов,NOUN,O
1060,Sentence: 52,.,PUNCT,O
1061,Sentence: 53,Постоянное,ADJ,O
1062,Sentence: 53,наблюдение,NOUN,O
1063,Sentence: 53,за,ADP,O
1064,Sentence: 53,пациентами,NOUN,O
1065,Sentence: 53,позволят,VERB,O
1066,Sentence: 53,врачам,NOUN,O
1067,Sentence: 53,иметь,VERB,O
1068,Sentence: 53,целостную,ADJ,O
1069,Sentence: 53,и,CCONJ,O
1070,Sentence: 53,актуальную,ADJ,O
1071,Sentence: 53,картину,NOUN,O
1072,Sentence: 53,.,PUNCT,O
1073,Sentence: 54,Датчики,NOUN,O
1074,Sentence: 54,и,CCONJ,O
1075,Sentence: 54,умные,ADJ,O
1076,Sentence: 54,устройства,NOUN,O
1077,Sentence: 54,с,ADP,O
1078,Sentence: 54,мобильными,ADJ,O
1079,Sentence: 54,и,CCONJ,O
1080,Sentence: 54,веб-приложениями,NOUN,O
1081,Sentence: 54,приведут,VERB,O
1082,Sentence: 54,к,ADP,O
1083,Sentence: 54,уменьшению,NOUN,O
1084,Sentence: 54,использования,NOUN,O
1085,Sentence: 54,энергоемкого,ADJ,O
1086,Sentence: 54,медицинского,ADJ,O
1087,Sentence: 54,оборудования,NOUN,O
1088,Sentence: 54,и,CCONJ,O
1089,Sentence: 54,сокращению,NOUN,O
1090,Sentence: 54,операционных,ADJ,O
1091,Sentence: 54,расходов,NOUN,O
1092,Sentence: 54,.,PUNCT,O
1093,Sentence: 55,Умные,ADJ,O
1094,Sentence: 55,таблетки,NOUN,O
1095,Sentence: 55,",",PUNCT,O
1096,Sentence: 55,беспроводные,ADJ,O
1097,Sentence: 55,пластыри,NOUN,O
1098,Sentence: 55,",",PUNCT,O
1099,Sentence: 55,коробка,NOUN,O
1100,Sentence: 55,для,ADP,O
1101,Sentence: 55,лекарств,NOUN,O
1102,Sentence: 55,с,ADP,O
1103,Sentence: 55,напоминанием,NOUN,O
1104,Sentence: 55,о,ADP,O
1105,Sentence: 55,времени,NOUN,O
1106,Sentence: 55,употребления,NOUN,O
1107,Sentence: 55,лекарств,NOUN,O
1108,Sentence: 55,и,CCONJ,O
1109,Sentence: 55,громкого,ADJ,O
1110,Sentence: 55,сигнала,NOUN,O
1111,Sentence: 55,в,ADP,O
1112,Sentence: 55,случае,NOUN,O
1113,Sentence: 55,забытой,VERB,O
1114,Sentence: 55,таблетки,NOUN,O
1115,Sentence: 55,–,PUNCT,O
1116,Sentence: 55,примеры,NOUN,O
1117,Sentence: 55,медицинских,ADJ,O
1118,Sentence: 55,IoT-устройств,PROPN,O
1119,Sentence: 55,.,PUNCT,O
1120,Sentence: 56,«,PUNCT,O
1121,Sentence: 56,Умный,ADJ,O
1122,Sentence: 56,ритейл,NOUN,O
1123,Sentence: 56,»,PUNCT,O
1124,Sentence: 56,или,CCONJ,O
1125,Sentence: 56,как,ADV,O
1126,Sentence: 56,будут,AUX,O
1127,Sentence: 56,выглядеть,VERB,O
1128,Sentence: 56,магазины,NOUN,O
1129,Sentence: 56,будущего,NOUN,O
1130,Sentence: 56,Умный,ADJ,O
1131,Sentence: 56,ритейл,NOUN,O
1132,Sentence: 56,В,ADP,O
1133,Sentence: 56,будущем,NOUN,O
1134,Sentence: 56,датчики,NOUN,O
1135,Sentence: 56,",",PUNCT,O
1136,Sentence: 56,радиомаяки,NOUN,O
1137,Sentence: 56,и,CCONJ,O
1138,Sentence: 56,другие,ADJ,O
1139,Sentence: 56,устройства,NOUN,O
1140,Sentence: 56,IoT,PROPN,O
1141,Sentence: 56,реализуют,VERB,O
1142,Sentence: 56,индивидуальный,ADJ,O
1143,Sentence: 56,подход,NOUN,O
1144,Sentence: 56,к,ADP,O
1145,Sentence: 56,каждому,DET,O
1146,Sentence: 56,покупателю,NOUN,O
1147,Sentence: 56,.,PUNCT,O
1148,Sentence: 57,«,PUNCT,O
1149,Sentence: 57,Интернет,NOUN,O
1150,Sentence: 57,вещей,NOUN,O
1151,Sentence: 57,»,PUNCT,O
1152,Sentence: 57,подскажет,VERB,O
1153,Sentence: 57,",",PUNCT,O
1154,Sentence: 57,где,ADV,O
1155,Sentence: 57,находится,VERB,O
1156,Sentence: 57,«,PUNCT,O
1157,Sentence: 57,подключенный,NOUN,O
1158,Sentence: 57,»,PUNCT,O
1159,Sentence: 57,покупатель,NOUN,O
1160,Sentence: 57,и,CCONJ,O
1161,Sentence: 57,как,ADV,O
1162,Sentence: 57,ему,PRON,O
1163,Sentence: 57,найти,VERB,O
1164,Sentence: 57,необходимый,ADJ,O
1165,Sentence: 57,продукт,NOUN,O
1166,Sentence: 57,.,PUNCT,O
1167,Sentence: 58,Так,ADV,O
1168,Sentence: 58,продавец,NOUN,O
1169,Sentence: 58,владеет,VERB,O
1170,Sentence: 58,полной,ADJ,O
1171,Sentence: 58,информации,NOUN,O
1172,Sentence: 58,о,ADP,O
1173,Sentence: 58,потенциальном,ADJ,O
1174,Sentence: 58,покупателе,NOUN,O
1175,Sentence: 58,:,PUNCT,O
1176,Sentence: 58,что,PRON,O
1177,Sentence: 58,ест,VERB,O
1178,Sentence: 58,",",PUNCT,O
1179,Sentence: 58,какой,DET,O
1180,Sentence: 58,размер,NOUN,O
1181,Sentence: 58,одежды,NOUN,O
1182,Sentence: 58,",",PUNCT,O
1183,Sentence: 58,каким,DET,O
1184,Sentence: 58,брендам,NOUN,O
1185,Sentence: 58,отдает,VERB,O
1186,Sentence: 58,предпочтение,NOUN,O
1187,Sentence: 58,.,PUNCT,O
1188,Sentence: 59,Тем,PRON,O
1189,Sentence: 59,самым,ADJ,O
1190,Sentence: 59,",",PUNCT,O
1191,Sentence: 59,он,PRON,O
1192,Sentence: 59,в,ADP,O
1193,Sentence: 59,моменте,NOUN,O
1194,Sentence: 59,может,VERB,O
1195,Sentence: 59,отправить,VERB,O
1196,Sentence: 59,уведомление,NOUN,O
1197,Sentence: 59,через,ADP,O
1198,Sentence: 59,приложение,NOUN,O
1199,Sentence: 59,о,ADP,O
1200,Sentence: 59,новых,ADJ,O
1201,Sentence: 59,продуктах,NOUN,O
1202,Sentence: 59,",",PUNCT,O
1203,Sentence: 59,товарах,NOUN,O
1204,Sentence: 59,",",PUNCT,O
1205,Sentence: 59,акциях,NOUN,O
1206,Sentence: 59,и,CCONJ,O
1207,Sentence: 59,спецпредложениях,NOUN,O
1208,Sentence: 59,тогда,ADV,O
1209,Sentence: 59,",",PUNCT,O
1210,Sentence: 59,когда,ADV,O
1211,Sentence: 59,потенциальный,ADJ,O
1212,Sentence: 59,покупатель,NOUN,O
1213,Sentence: 59,переступает,VERB,O
1214,Sentence: 59,порог,NOUN,O
1215,Sentence: 59,магазина,NOUN,O
1216,Sentence: 59,.,PUNCT,O
1217,Sentence: 60,Аналитика,PROPN,O
1218,Sentence: 60,в,ADP,O
1219,Sentence: 60,реальном,ADJ,O
1220,Sentence: 60,времени,NOUN,O
1221,Sentence: 60,.,PUNCT,O
1222,Sentence: 61,IoT-технология,PROPN,O
1223,Sentence: 61,будет,AUX,O
1224,Sentence: 61,обеспечивать,VERB,O
1225,Sentence: 61,анализ,NOUN,O
1226,Sentence: 61,количества,NOUN,O
1227,Sentence: 61,проданных,VERB,O
1228,Sentence: 61,единиц,NOUN,O
1229,Sentence: 61,",",PUNCT,O
1230,Sentence: 61,проследит,VERB,O
1231,Sentence: 61,за,ADP,O
1232,Sentence: 61,лидирующими,ADJ,O
1233,Sentence: 61,товарами,NOUN,O
1234,Sentence: 61,.,PUNCT,O
1235,Sentence: 62,Если,SCONJ,O
1236,Sentence: 62,главенствующий,ADJ,O
1237,Sentence: 62,фактор,NOUN,O
1238,Sentence: 62,при,ADP,O
1239,Sentence: 62,выборе,NOUN,O
1240,Sentence: 62,товара,NOUN,O
1241,Sentence: 62,—,PUNCT,O
1242,Sentence: 62,цена,NOUN,O
1243,Sentence: 62,",",PUNCT,O
1244,Sentence: 62,то,SCONJ,O
1245,Sentence: 62,технология,NOUN,O
1246,Sentence: 62,автоматически,ADV,O
1247,Sentence: 62,скорректирует,VERB,O
1248,Sentence: 62,цену,NOUN,O
1249,Sentence: 62,в,ADP,O
1250,Sentence: 62,сторону,NOUN,O
1251,Sentence: 62,понижения,NOUN,O
1252,Sentence: 62,или,CCONJ,O
1253,Sentence: 62,повышения,NOUN,O
1254,Sentence: 62,",",PUNCT,O
1255,Sentence: 62,чтобы,SCONJ,O
1256,Sentence: 62,достичь,VERB,O
1257,Sentence: 62,максимального,ADJ,O
1258,Sentence: 62,объема,NOUN,O
1259,Sentence: 62,продаж,NOUN,O
1260,Sentence: 62,.,PUNCT,O
1261,Sentence: 63,Уже,ADV,O
1262,Sentence: 63,в,ADP,O
1263,Sentence: 63,ближайшие,ADJ,O
1264,Sentence: 63,пять,NUM,O
1265,Sentence: 63,лет,NOUN,O
1266,Sentence: 63,",",PUNCT,O
1267,Sentence: 63,магазины,NOUN,O
1268,Sentence: 63,и,CCONJ,O
1269,Sentence: 63,производства,NOUN,O
1270,Sentence: 63,будут,AUX,O
1271,Sentence: 63,применять,VERB,O
1272,Sentence: 63,IoT,PROPN,O
1273,Sentence: 63,технологию,NOUN,O
1274,Sentence: 63,в,ADP,O
1275,Sentence: 63,своей,DET,O
1276,Sentence: 63,работе,NOUN,O
1277,Sentence: 63,.,PUNCT,O
1278,Sentence: 64,Данная,ADJ,O
1279,Sentence: 64,технология,NOUN,O
1280,Sentence: 64,коснется,VERB,O
1281,Sentence: 64,товарных,ADJ,O
1282,Sentence: 64,запасов,NOUN,O
1283,Sentence: 64,на,ADP,O
1284,Sentence: 64,складе,NOUN,O
1285,Sentence: 64,.,PUNCT,O
1286,Sentence: 65,Технология,NOUN,O
1287,Sentence: 65,позволит,VERB,O
1288,Sentence: 65,отслеживать,VERB,O
1289,Sentence: 65,закупку,NOUN,O
1290,Sentence: 65,",",PUNCT,O
1291,Sentence: 65,привоз,NOUN,O
1292,Sentence: 65,",",PUNCT,O
1293,Sentence: 65,обеспечит,VERB,O
1294,Sentence: 65,отсутствие,NOUN,O
1295,Sentence: 65,переизбытка,NOUN,O
1296,Sentence: 65,товара,NOUN,O
1297,Sentence: 65,",",PUNCT,O
1298,Sentence: 65,который,PRON,O
1299,Sentence: 65,не,PART,O
1300,Sentence: 65,пользуется,VERB,O
1301,Sentence: 65,спросом,NOUN,O
1302,Sentence: 65,",",PUNCT,O
1303,Sentence: 65,наладит,VERB,O
1304,Sentence: 65,систему,NOUN,O
1305,Sentence: 65,поставок,NOUN,O
1306,Sentence: 65,.,PUNCT,O
1307,Sentence: 65,IoT-технологии,PROPN,O
1308,Sentence: 65,смогут,VERB,O
1309,Sentence: 65,обеспечить,VERB,O
1310,Sentence: 65,компаниям,NOUN,O
1311,Sentence: 65,и,CCONJ,O
1312,Sentence: 65,магазинам,NOUN,O
1313,Sentence: 65,снижение,NOUN,O
1314,Sentence: 65,переменных,ADJ,O
1315,Sentence: 65,и,CCONJ,O
1316,Sentence: 65,постоянных,ADJ,O
1317,Sentence: 65,издержек,NOUN,O
1318,Sentence: 65,",",PUNCT,O
1319,Sentence: 65,скорректирует,VERB,O
1320,Sentence: 65,спрос,NOUN,O
1321,Sentence: 65,и,CCONJ,O
1322,Sentence: 65,предложение,NOUN,O
1323,Sentence: 65,",",PUNCT,O
1324,Sentence: 65,а,CCONJ,O
1325,Sentence: 65,самое,ADJ,O
1326,Sentence: 65,главное,ADJ,O
1327,Sentence: 65,",",PUNCT,O
1328,Sentence: 65,что,SCONJ,O
1329,Sentence: 65,даже,PART,O
1330,Sentence: 65,не,PART,O
1331,Sentence: 65,придется,VERB,O
1332,Sentence: 65,тратиться,VERB,O
1333,Sentence: 65,на,ADP,O
1334,Sentence: 65,дополнительный,ADJ,O
1335,Sentence: 65,персонал,NOUN,O
1336,Sentence: 65,.,PUNCT,O
1337,Sentence: 66,Интернет,NOUN,O
1338,Sentence: 66,вещей,NOUN,O
1339,Sentence: 66,в,ADP,O
1340,Sentence: 66,ближайшее,ADJ,O
1341,Sentence: 66,время,NOUN,O
1342,Sentence: 66,перевернет,VERB,O
1343,Sentence: 66,представление,NOUN,O
1344,Sentence: 66,людей,NOUN,O
1345,Sentence: 66,о,ADP,O
1346,Sentence: 66,покупках,NOUN,O
1347,Sentence: 66,",",PUNCT,O
1348,Sentence: 66,упростит,VERB,O
1349,Sentence: 66,этот,DET,O
1350,Sentence: 66,процесс,NOUN,O
1351,Sentence: 66,",",PUNCT,O
1352,Sentence: 66,благодаря,ADP,O
1353,Sentence: 66,автоматизации,NOUN,O
1354,Sentence: 66,.,PUNCT,O
1355,Sentence: 67,Носимые,ADJ,O
1356,Sentence: 67,устройства,NOUN,O
1357,Sentence: 67,Умные,ADJ,O
1358,Sentence: 67,часы,NOUN,O
1359,Sentence: 67,Огромную,ADJ,O
1360,Sentence: 67,популярность,NOUN,O
1361,Sentence: 67,получили,VERB,O
1362,Sentence: 67,«,PUNCT,O
1363,Sentence: 67,умные,ADJ,O
1364,Sentence: 67,»,PUNCT,O
1365,Sentence: 67,помощники,NOUN,O
1366,Sentence: 67,в,ADP,O
1367,Sentence: 67,виде,NOUN,O
1368,Sentence: 67,носимых,ADJ,O
1369,Sentence: 67,устройств,NOUN,O
1370,Sentence: 67,на,ADP,O
1371,Sentence: 67,руке,NOUN,O
1372,Sentence: 67,.,PUNCT,O
1373,Sentence: 68,Это,PRON,O
1374,Sentence: 68,девайсы,NOUN,O
1375,Sentence: 68,«,PUNCT,O
1376,Sentence: 68,Интернет,NOUN,O
1377,Sentence: 68,вещей,NOUN,O
1378,Sentence: 68,»,PUNCT,O
1379,Sentence: 68,",",PUNCT,O
1380,Sentence: 68,которые,PRON,O
1381,Sentence: 68,являются,VERB,O
1382,Sentence: 68,измерителями,NOUN,O
1383,Sentence: 68,физических,ADJ,O
1384,Sentence: 68,показателей,NOUN,O
1385,Sentence: 68,человека,NOUN,O
1386,Sentence: 68,.,PUNCT,O
1387,Sentence: 69,«,PUNCT,O
1388,Sentence: 69,Умные,ADJ,O
1389,Sentence: 69,»,PUNCT,O
1390,Sentence: 69,браслеты,NOUN,O
1391,Sentence: 69,это,PART,O
1392,Sentence: 69,полноценные,ADJ,O
1393,Sentence: 69,гаджеты,NOUN,O
1394,Sentence: 69,для,ADP,O
1395,Sentence: 69,контроля,NOUN,O
1396,Sentence: 69,здоровья,NOUN,O
1397,Sentence: 69,.,PUNCT,O
1398,Sentence: 70,Устройства,NOUN,O
1399,Sentence: 70,также,ADV,O
1400,Sentence: 70,подсчитывают,VERB,O
1401,Sentence: 70,шаги,NOUN,O
1402,Sentence: 70,",",PUNCT,O
1403,Sentence: 70,анализируют,VERB,O
1404,Sentence: 70,активность,NOUN,O
1405,Sentence: 70,и,CCONJ,O
1406,Sentence: 70,предоставляют,VERB,O
1407,Sentence: 70,пользователю,NOUN,O
1408,Sentence: 70,отчет,NOUN,O
1409,Sentence: 70,.,PUNCT,O
1410,Sentence: 71,Аналитики,NOUN,O
1411,Sentence: 71,подсчитали,VERB,O
1412,Sentence: 71,",",PUNCT,O
1413,Sentence: 71,что,SCONJ,O
1414,Sentence: 71,в,ADP,O
1415,Sentence: 71,2025,ADJ,O
1416,Sentence: 71,году,NOUN,O
1417,Sentence: 71,количество,NOUN,O
1418,Sentence: 71,гаджетов,NOUN,O
1419,Sentence: 71,«,PUNCT,O
1420,Sentence: 71,Интернет,NOUN,O
1421,Sentence: 71,вещей,NOUN,O
1422,Sentence: 71,»,PUNCT,O
1423,Sentence: 71,будет,AUX,O
1424,Sentence: 71,составлять,VERB,O
1425,Sentence: 71,около,ADP,O
1426,Sentence: 71,27,NUM,O
1427,Sentence: 71,млрд,NOUN,O
1428,Sentence: 71,единиц,NOUN,O
1429,Sentence: 71,–,PUNCT,O
1430,Sentence: 71,против,ADP,O
1431,Sentence: 71,"8,5",NUM,O
1432,Sentence: 71,млрд,NOUN,O
1433,Sentence: 71,сегодня,ADV,O
1434,Sentence: 71,.,PUNCT,O
1435,Sentence: 72,В,ADP,O
1436,Sentence: 72,будущем,NOUN,O
1437,Sentence: 72,планируется,VERB,O
1438,Sentence: 72,масштабная,ADJ,O
1439,Sentence: 72,разработка,NOUN,O
1440,Sentence: 72,различных,ADJ,O
1441,Sentence: 72,браслетов,NOUN,O
1442,Sentence: 72,.,PUNCT,O
1443,Sentence: 73,Например,ADV,O
1444,Sentence: 73,",",PUNCT,O
1445,Sentence: 73,браслеты,NOUN,O
1446,Sentence: 73,",",PUNCT,O
1447,Sentence: 73,оказывающие,VERB,O
1448,Sentence: 73,экстренную,ADJ,O
1449,Sentence: 73,помощь,NOUN,O
1450,Sentence: 73,солдатам,NOUN,O
1451,Sentence: 73,",",PUNCT,O
1452,Sentence: 73,контролирующие,VERB,O
1453,Sentence: 73,воздействие,NOUN,O
1454,Sentence: 73,солнечных,ADJ,O
1455,Sentence: 73,лучей,NOUN,O
1456,Sentence: 73,на,ADP,O
1457,Sentence: 73,кожу,NOUN,O
1458,Sentence: 73,человека,NOUN,O
1459,Sentence: 73,.,PUNCT,O
1460,Sentence: 74,Идея,NOUN,O
1461,Sentence: 74,парных,ADJ,O
1462,Sentence: 74,браслетов,NOUN,O
1463,Sentence: 74,набрала,VERB,O
1464,Sentence: 74,наибольшую,ADJ,O
1465,Sentence: 74,популярность,NOUN,O
1466,Sentence: 74,",",PUNCT,O
1467,Sentence: 74,так,ADV,O
1468,Sentence: 74,как,SCONJ,O
1469,Sentence: 74,принцип,NOUN,O
1470,Sentence: 74,работы,NOUN,O
1471,Sentence: 74,стал,VERB,O
1472,Sentence: 74,привлекателен,ADJ,O
1473,Sentence: 74,для,ADP,O
1474,Sentence: 74,многих,NUM,O
1475,Sentence: 74,влюбленных,NOUN,O
1476,Sentence: 74,:,PUNCT,O
1477,Sentence: 74,при,ADP,O
1478,Sentence: 74,касании,NOUN,O
1479,Sentence: 74,одного,NUM,O
1480,Sentence: 74,браслета,NOUN,O
1481,Sentence: 74,",",PUNCT,O
1482,Sentence: 74,передается,VERB,O
1483,Sentence: 74,сигнал,NOUN,O
1484,Sentence: 74,через,ADP,O
1485,Sentence: 74,расстояние,NOUN,O
1486,Sentence: 74,к,ADP,O
1487,Sentence: 74,другому,ADJ,O
1488,Sentence: 74,человеку,NOUN,O
1489,Sentence: 74,.,PUNCT,O
1490,Sentence: 75,Взаимодействие,NOUN,O
1491,Sentence: 75,через,ADP,O
1492,Sentence: 75,расстояние,NOUN,O
1493,Sentence: 75,–,PUNCT,O
1494,Sentence: 75,оказалось,VERB,O
1495,Sentence: 75,вдохновляющей,ADJ,O
1496,Sentence: 75,IoT-,PROPN,O
1497,Sentence: 75,технологией,NOUN,O
1498,Sentence: 75,.,PUNCT,O
1499,Sentence: 76,Носимые,ADJ,O
1500,Sentence: 76,устройства,NOUN,O
1501,Sentence: 76,будущего,NOUN,O
1502,Sentence: 76,обеспечат,VERB,O
1503,Sentence: 76,визуальный,ADJ,O
1504,Sentence: 76,контакт,NOUN,O
1505,Sentence: 76,с,ADP,O
1506,Sentence: 76,врачом,NOUN,O
1507,Sentence: 76,",",PUNCT,O
1508,Sentence: 76,приятелем,NOUN,O
1509,Sentence: 76,или,CCONJ,O
1510,Sentence: 76,партнером,NOUN,O
1511,Sentence: 76,.,PUNCT,O
1512,Sentence: 77,Умные,ADJ,O
1513,Sentence: 77,машины,NOUN,O
1514,Sentence: 77,Умные,ADJ,O
1515,Sentence: 77,машины,NOUN,O
1516,Sentence: 77,Многим,PROPN,O
1517,Sentence: 77,людям,NOUN,O
1518,Sentence: 77,уже,ADV,O
1519,Sentence: 77,довелось,VERB,O
1520,Sentence: 77,сесть,VERB,O
1521,Sentence: 77,за,ADP,O
1522,Sentence: 77,руль,NOUN,O
1523,Sentence: 77,«,PUNCT,O
1524,Sentence: 77,умной,ADJ,O
1525,Sentence: 77,машины,NOUN,O
1526,Sentence: 77,»,PUNCT,O
1527,Sentence: 77,",",PUNCT,O
1528,Sentence: 77,и,CCONJ,O
1529,Sentence: 77,большинство,NOUN,O
1530,Sentence: 77,из,ADP,O
1531,Sentence: 77,них,PRON,O
1532,Sentence: 77,считают,VERB,O
1533,Sentence: 77,",",PUNCT,O
1534,Sentence: 77,что,SCONJ,O
1535,Sentence: 77,это,PRON,O
1536,Sentence: 77,один,NUM,O
1537,Sentence: 77,из,ADP,O
1538,Sentence: 77,лучших,ADJ,O
1539,Sentence: 77,вариантов,NOUN,O
1540,Sentence: 77,применения,NOUN,O
1541,Sentence: 77,IoT,PROPN,O
1542,Sentence: 77,.,PUNCT,O
1543,Sentence: 78,В,ADP,O
1544,Sentence: 78,данный,ADJ,O
1545,Sentence: 78,момент,NOUN,O
1546,Sentence: 78,мы,PRON,O
1547,Sentence: 78,можем,VERB,O
1548,Sentence: 78,использовать,VERB,O
1549,Sentence: 78,сенсоры,NOUN,O
1550,Sentence: 78,и,CCONJ,O
1551,Sentence: 78,подключение,NOUN,O
1552,Sentence: 78,к,ADP,O
1553,Sentence: 78,интернету,NOUN,O
1554,Sentence: 78,",",PUNCT,O
1555,Sentence: 78,прогревание,NOUN,O
1556,Sentence: 78,автомобиля,NOUN,O
1557,Sentence: 78,заранее,ADV,O
1558,Sentence: 78,.,PUNCT,O
1559,Sentence: 79,Всё,DET,O
1560,Sentence: 79,это,PRON,O
1561,Sentence: 79,гарантирует,VERB,O
1562,Sentence: 79,нам,PRON,O
1563,Sentence: 79,максимальный,ADJ,O
1564,Sentence: 79,комфорт,NOUN,O
1565,Sentence: 79,.,PUNCT,O
1566,Sentence: 80,Таким,DET,O
1567,Sentence: 80,образом,NOUN,O
1568,Sentence: 80,",",PUNCT,O
1569,Sentence: 80,вскоре,ADV,O
1570,Sentence: 80,беспилотные,ADJ,O
1571,Sentence: 80,автомобили,NOUN,O
1572,Sentence: 80,изменят,VERB,O
1573,Sentence: 80,наше,DET,O
1574,Sentence: 80,представление,NOUN,O
1575,Sentence: 80,о,ADP,O
1576,Sentence: 80,реальности,NOUN,O
1577,Sentence: 80,.,PUNCT,O
1578,Sentence: 81,Мы,PRON,O
1579,Sentence: 81,увидим,VERB,O
1580,Sentence: 81,такси,NOUN,O
1581,Sentence: 81,под,ADP,O
1582,Sentence: 81,управлением,NOUN,O
1583,Sentence: 81,искусственного,ADJ,O
1584,Sentence: 81,интеллекта,NOUN,O
1585,Sentence: 81,.,PUNCT,O
1586,Sentence: 82,«,PUNCT,O
1587,Sentence: 82,Умные,ADJ,O
1588,Sentence: 82,машины,NOUN,O
1589,Sentence: 82,»,PUNCT,O
1590,Sentence: 82,будут,AUX,O
1591,Sentence: 82,самостоятельно,ADV,O
1592,Sentence: 82,оценивать,VERB,O
1593,Sentence: 82,ситуацию,NOUN,O
1594,Sentence: 82,на,ADP,O
1595,Sentence: 82,дороге,NOUN,O
1596,Sentence: 82,",",PUNCT,O
1597,Sentence: 82,скорректируют,VERB,O
1598,Sentence: 82,маршрут,NOUN,O
1599,Sentence: 82,без,ADP,O
1600,Sentence: 82,участия,NOUN,O
1601,Sentence: 82,человека,NOUN,O
1602,Sentence: 82,.,PUNCT,O
1603,Sentence: 83,С,ADP,O
1604,Sentence: 83,развитием,NOUN,O
1605,Sentence: 83,IoT-технологии,PROPN,O
1606,Sentence: 83,автомобили,NOUN,O
1607,Sentence: 83,не,PART,O
1608,Sentence: 83,смогут,VERB,O
1609,Sentence: 83,обойтись,VERB,O
1610,Sentence: 83,без,ADP,O
1611,Sentence: 83,подключения,NOUN,O
1612,Sentence: 83,к,ADP,O
1613,Sentence: 83,Интернету,PROPN,O
1614,Sentence: 83,.,PUNCT,O
1615,Sentence: 84,С,ADP,O
1616,Sentence: 84,его,DET,O
1617,Sentence: 84,помощью,NOUN,O
1618,Sentence: 84,будет,AUX,O
1619,Sentence: 84,осуществляться,VERB,O
1620,Sentence: 84,обновление,NOUN,O
1621,Sentence: 84,транспортных,ADJ,O
1622,Sentence: 84,карт,NOUN,O
1623,Sentence: 84,и,CCONJ,O
1624,Sentence: 84,оценка,NOUN,O
1625,Sentence: 84,дорожной,ADJ,O
1626,Sentence: 84,ситуации,NOUN,O
1627,Sentence: 84,.,PUNCT,O
1628,Sentence: 85,«,PUNCT,O
1629,Sentence: 85,Internet,X,O
1630,Sentence: 85,of,X,O
1631,Sentence: 85,things,X,O
1632,Sentence: 85,»,PUNCT,O
1633,Sentence: 85,—,PUNCT,O
1634,Sentence: 85,ожидания,NOUN,O
1635,Sentence: 85,и,CCONJ,O
1636,Sentence: 85,реальность,NOUN,O
1637,Sentence: 85,Интернет,PROPN,O
1638,Sentence: 85,вещей,NOUN,O
1639,Sentence: 85,реальность,NOUN,O
1640,Sentence: 85,За,ADP,O
1641,Sentence: 85,последние,ADJ,O
1642,Sentence: 85,50,NUM,O
1643,Sentence: 85,лет,NOUN,O
1644,Sentence: 85,произошел,VERB,O
1645,Sentence: 85,рост,NOUN,O
1646,Sentence: 85,в,ADP,O
1647,Sentence: 85,области,NOUN,O
1648,Sentence: 85,искусственного,ADJ,O
1649,Sentence: 85,интеллекта,NOUN,O
1650,Sentence: 85,.,PUNCT,O
1651,Sentence: 86,Гаджеты,PROPN,O
1652,Sentence: 86,«,PUNCT,O
1653,Sentence: 86,Интернет,NOUN,O
1654,Sentence: 86,вещей,NOUN,O
1655,Sentence: 86,»,PUNCT,O
1656,Sentence: 86,начали,VERB,O
1657,Sentence: 86,коренным,ADJ,O
1658,Sentence: 86,образом,NOUN,O
1659,Sentence: 86,менять,VERB,O
1660,Sentence: 86,взаимодействие,NOUN,O
1661,Sentence: 86,человека,NOUN,O
1662,Sentence: 86,с,ADP,O
1663,Sentence: 86,миром,NOUN,O
1664,Sentence: 86,.,PUNCT,O
1665,Sentence: 87,Развитие,NOUN,O
1666,Sentence: 87,технологии,NOUN,O
1667,Sentence: 87,приведет,VERB,O
1668,Sentence: 87,к,ADP,O
1669,Sentence: 87,глобальной,ADJ,O
1670,Sentence: 87,телекоммуникационной,ADJ,O
1671,Sentence: 87,инфраструктуре,NOUN,O
1672,Sentence: 87,",",PUNCT,O
1673,Sentence: 87,которая,PRON,O
1674,Sentence: 87,наладит,VERB,O
1675,Sentence: 87,выполнение,NOUN,O
1676,Sentence: 87,многих,NUM,O
1677,Sentence: 87,процессов,NOUN,O
1678,Sentence: 87,в,ADP,O
1679,Sentence: 87,автоматическом,ADJ,O
1680,Sentence: 87,режиме,NOUN,O
1681,Sentence: 87,.,PUNCT,O
1682,Sentence: 88,«,PUNCT,O
1683,Sentence: 88,Интернет,NOUN,O
1684,Sentence: 88,вещей,NOUN,O
1685,Sentence: 88,»,PUNCT,O
1686,Sentence: 88,возьмет,VERB,O
1687,Sentence: 88,на,ADP,O
1688,Sentence: 88,себя,PRON,O
1689,Sentence: 88,бытовые,ADJ,O
1690,Sentence: 88,проблемы,NOUN,O
1691,Sentence: 88,человека,NOUN,O
1692,Sentence: 88,",",PUNCT,O
1693,Sentence: 88,чтобы,SCONJ,O
1694,Sentence: 88,тот,DET,O
1695,Sentence: 88,",",PUNCT,O
1696,Sentence: 88,в,ADP,O
1697,Sentence: 88,свою,DET,O
1698,Sentence: 88,очередь,NOUN,O
1699,Sentence: 88,",",PUNCT,O
1700,Sentence: 88,использовал,VERB,O
1701,Sentence: 88,время,NOUN,O
1702,Sentence: 88,более,ADV,O
1703,Sentence: 88,эффективно,ADV,O
1704,Sentence: 88,.,PUNCT,O
1705,Sentence: 89,Устройства,NOUN,O
1706,Sentence: 89,помогут,VERB,O
1707,Sentence: 89,человечеству,VERB,O
1708,Sentence: 89,оптимально,ADV,O
1709,Sentence: 89,распоряжаться,VERB,O
1710,Sentence: 89,ресурсами,NOUN,O
1711,Sentence: 89,–,PUNCT,O
1712,Sentence: 89,теплом,NOUN,O
1713,Sentence: 89,",",PUNCT,O
1714,Sentence: 89,водой,NOUN,O
1715,Sentence: 89,и,CCONJ,O
1716,Sentence: 89,электроэнергией,NOUN,O
1717,Sentence: 89,.,PUNCT,O
1718,Sentence: 90,В,ADP,O
1719,Sentence: 90,данный,ADJ,O
1720,Sentence: 90,момент,NOUN,O
1721,Sentence: 90,рынок,NOUN,O
1722,Sentence: 90,«,PUNCT,O
1723,Sentence: 90,Интернет,NOUN,O
1724,Sentence: 90,вещей,NOUN,O
1725,Sentence: 90,»,PUNCT,O
1726,Sentence: 90,стремительно,ADV,O
1727,Sentence: 90,набирает,VERB,O
1728,Sentence: 90,обороты,NOUN,O
1729,Sentence: 90,",",PUNCT,O
1730,Sentence: 90,за,ADP,O
1731,Sentence: 90,счет,NOUN,O
1732,Sentence: 90,увеличения,NOUN,O
1733,Sentence: 90,объемов,NOUN,O
1734,Sentence: 90,выпуска,NOUN,O
1735,Sentence: 90,новых,ADJ,O
1736,Sentence: 90,девайсов,NOUN,O
1737,Sentence: 90,.,PUNCT,O
1738,Sentence: 91,Скорее,ADV,O
1739,Sentence: 91,всего,PRON,O
1740,Sentence: 91,",",PUNCT,O
1741,Sentence: 91,в,ADP,O
1742,Sentence: 91,2024,ADJ,O
1743,Sentence: 91,году,NOUN,O
1744,Sentence: 91,датчики,NOUN,O
1745,Sentence: 91,будут,AUX,O
1746,Sentence: 91,установлены,VERB,O
1747,Sentence: 91,практически,ADV,O
1748,Sentence: 91,на,ADP,O
1749,Sentence: 91,всех,DET,O
1750,Sentence: 91,устройствах,NOUN,O
1751,Sentence: 91,для,ADP,O
1752,Sentence: 91,выполнения,NOUN,O
1753,Sentence: 91,задач,NOUN,O
1754,Sentence: 91,устройством,NOUN,O
1755,Sentence: 91,без,ADP,O
1756,Sentence: 91,участия,NOUN,O
1757,Sentence: 91,человека,NOUN,O
1758,Sentence: 91,.,PUNCT,O
1759,Sentence: 92,Компании,NOUN,O
1760,Sentence: 92,и,CCONJ,O
1761,Sentence: 92,современное,ADJ,O
1762,Sentence: 92,общество,NOUN,O
1763,Sentence: 92,продолжают,VERB,O
1764,Sentence: 92,проявлять,VERB,O
1765,Sentence: 92,интерес,NOUN,O
1766,Sentence: 92,к,ADP,O
1767,Sentence: 92,«,PUNCT,O
1768,Sentence: 92,Интернет,NOUN,O
1769,Sentence: 92,вещей,NOUN,O
1770,Sentence: 92,»,PUNCT,O
1771,Sentence: 92,",",PUNCT,O
1772,Sentence: 92,они,PRON,O
1773,Sentence: 92,возлагают,VERB,O
1774,Sentence: 92,большую,ADJ,O
1775,Sentence: 92,надежду,NOUN,O
1776,Sentence: 92,на,ADP,O
1777,Sentence: 92,развитие,NOUN,O
1778,Sentence: 92,IoT-технологии,PROPN,O
1779,Sentence: 92,и,CCONJ,O
1780,Sentence: 92,процент,NOUN,O
1781,Sentence: 92,от,ADP,O
1782,Sentence: 92,инвестиций,NOUN,O
1783,Sentence: 92,в,ADP,O
1784,Sentence: 92,настоящих,ADJ,O
1785,Sentence: 92,условиях,NOUN,O
1786,Sentence: 92,.,PUNCT,O
1787,Sentence: 93,Технология,NOUN,O
1788,Sentence: 93,«,PUNCT,O
1789,Sentence: 93,Интернет,NOUN,O
1790,Sentence: 93,вещей,NOUN,O
1791,Sentence: 93,»,PUNCT,O
1792,Sentence: 93,изменит,VERB,O
1793,Sentence: 93,мир,NOUN,O
1794,Sentence: 93,благодаря,ADP,O
1795,Sentence: 93,сплоченному,ADJ,O
1796,Sentence: 93,взаимодействию,NOUN,O
1797,Sentence: 93,всех,DET,O
1798,Sentence: 93,участников,NOUN,O
1799,Sentence: 93,–,PUNCT,O
1800,Sentence: 93,от,ADP,O
1801,Sentence: 93,пользователя,NOUN,O
1802,Sentence: 93,до,ADP,O
1803,Sentence: 93,правительства,NOUN,O
1804,Sentence: 93,.,PUNCT,O
1805,Sentence: 94,С,ADP,O
1806,Sentence: 94,развитием,NOUN,O
1807,Sentence: 94,Iot-технологии,PROPN,O
1808,Sentence: 94,все,PART,O
1809,Sentence: 94,больше,NUM,O
1810,Sentence: 94,физических,ADJ,O
1811,Sentence: 94,предметов,NOUN,O
1812,Sentence: 94,будут,AUX,O
1813,Sentence: 94,подключаться,VERB,O
1814,Sentence: 94,к,ADP,O
1815,Sentence: 94,сети,NOUN,O
1816,Sentence: 94,и,CCONJ,O
1817,Sentence: 94,взаимодействовать,VERB,O
1818,Sentence: 94,друг,PRON,O
1819,Sentence: 94,с,ADP,O
1820,Sentence: 94,другом,PRON,O
1821,Sentence: 94,.,PUNCT,O
1822,Sentence: 95,IoT,PROPN,O
1823,Sentence: 95,превратится,VERB,O
1824,Sentence: 95,в,ADP,O
1825,Sentence: 95,особенную,ADJ,O
1826,Sentence: 95,инфраструктуру,NOUN,O
1827,Sentence: 95,современного,ADJ,O
1828,Sentence: 95,человека,NOUN,O
1829,Sentence: 95,",",PUNCT,O
1830,Sentence: 95,где,ADV,O
1831,Sentence: 95,каждое,DET,O
1832,Sentence: 95,действие,NOUN,O
1833,Sentence: 95,будет,AUX,O
1834,Sentence: 95,подчинено,VERB,O
1835,Sentence: 95,искусственному,ADJ,O
1836,Sentence: 95,интеллекту,NOUN,O
1837,Sentence: 95,.,PUNCT,O
1838,Sentence: 96,В,ADP,O
1839,Sentence: 96,ближайшие,ADJ,O
1840,Sentence: 96,5,NUM,O
1841,Sentence: 96,лет,NOUN,O
1842,Sentence: 96,«,PUNCT,O
1843,Sentence: 96,Интернет,NOUN,O
1844,Sentence: 96,вещей,NOUN,O
1845,Sentence: 96,»,PUNCT,O
1846,Sentence: 96,поспособствует,VERB,O
1847,Sentence: 96,повышению,NOUN,O
1848,Sentence: 96,образа,NOUN,O
1849,Sentence: 96,и,CCONJ,O
1850,Sentence: 96,качества,NOUN,O
1851,Sentence: 96,жизни,NOUN,O
1852,Sentence: 96,человечества,NOUN,O
1853,Sentence: 96,.,PUNCT,O
