,Unnamed: 0,Sentence #,Word,POS,Tag
0,0,Sentence: 1,Антивирусная,ADJ,O
1,1,Sentence: 1,программа,NOUN,O
2,2,Sentence: 1,–,PUNCT,O
3,3,Sentence: 1,программа,NOUN,O
4,4,Sentence: 1,",",PUNCT,O
5,5,Sentence: 1,предназначенная,VERB,O
6,6,Sentence: 1,для,ADP,O
7,7,Sentence: 1,борьбы,NOUN,O
8,8,Sentence: 1,с,ADP,O
9,9,Sentence: 1,компьютерными,ADJ,O
10,10,Sentence: 1,вирусами,NOUN,O
11,11,Sentence: 1,.,PUNCT,O
12,12,Sentence: 2,Антивирусные,ADP,O
13,13,Sentence: 2,блокировщики,DET,O
14,14,Sentence: 2,могут,NOUN,O
15,15,Sentence: 2,входить,DET,O
16,16,Sentence: 2,в,NOUN,O
17,17,Sentence: 2,BIOS,VERB,O
18,18,Sentence: 2,Setup,ADJ,O
19,19,Sentence: 2,Антивирус,NOUN,O
20,20,Sentence: 2,Касперского,ADP,O
21,21,Sentence: 2,Антивирус,NOUN,O
22,22,Sentence: 2,Касперского,CCONJ,O
23,23,Sentence: 2,давно,NOUN,O
24,24,Sentence: 2,завоевал,VERB,O
25,25,Sentence: 2,популярность,NOUN,O
26,26,Sentence: 2,у,PUNCT,O
27,27,Sentence: 3,миллионов,ADP,O
28,28,Sentence: 3,пользователей,ADJ,O
29,29,Sentence: 3,благодаря,NOUN,O
30,30,Sentence: 3,своей,ADP,O
31,31,Sentence: 3,эффективности,PROPN,O
32,32,Sentence: 3,и,DET,O
33,33,Sentence: 3,быстроте,NOUN,O
34,34,Sentence: 3,реакции,ADJ,O
35,35,Sentence: 3,на,VERB,O
36,36,Sentence: 3,различные,ADP,O
37,37,Sentence: 3,угрозы,NOUN,O
38,38,Sentence: 3,.,NOUN,O
39,39,Sentence: 3,Несмотря,PUNCT,O
40,40,Sentence: 4,на,SCONJ,O
41,41,Sentence: 4,все,ADJ,O
42,42,Sentence: 4,свои,NOUN,O
43,43,Sentence: 4,преимущества,VERB,O
44,44,Sentence: 4,",",NOUN,O
45,45,Sentence: 4,до,ADP,O
46,46,Sentence: 4,сих,NOUN,O
47,47,Sentence: 4,пор,PUNCT,O
48,48,Sentence: 4,многие,SCONJ,O
49,49,Sentence: 4,не,PRON,O
50,50,Sentence: 4,знающие,VERB,O
51,51,Sentence: 4,товарищи,ADP,O
52,52,Sentence: 4,критикуют,PRON,O
53,53,Sentence: 4,его,ADJ,O
54,54,Sentence: 4,за,NOUN,O
55,55,Sentence: 4,то,NOUN,O
56,56,Sentence: 4,",",PUNCT,O
57,57,Sentence: 5,что,SCONJ,O
58,58,Sentence: 5,он,NOUN,O
59,59,Sentence: 5,якобы,ADJ,O
60,60,Sentence: 5,очень,PUNCT,O
61,61,Sentence: 5,сильно,SCONJ,O
62,62,Sentence: 5,нагружает,VERB,O
63,63,Sentence: 5,систему,NOUN,O
64,64,Sentence: 5,.,VERB,O
65,65,Sentence: 5,Так,ADV,O
66,66,Sentence: 5,было,PUNCT,O
67,67,Sentence: 6,в,VERB,O
68,68,Sentence: 6,недалёких,ADJ,O
69,69,Sentence: 6,2003-2004,NOUN,O
70,70,Sentence: 6,годах,ADJ,O
71,71,Sentence: 6,",",NOUN,O
72,72,Sentence: 6,тогда,PUNCT,O
73,73,Sentence: 6,многие,NOUN,O
74,74,Sentence: 6,антивирусные,PUNCT,O
75,75,Sentence: 6,продукты,NOUN,O
76,76,Sentence: 6,не,PUNCT,O
77,77,Sentence: 6,особо,NOUN,O
78,78,Sentence: 6,выделялись,PUNCT,O
79,79,Sentence: 6,«,NOUN,O
80,80,Sentence: 6,лёгкостью,PUNCT,O
81,81,Sentence: 6,»,NOUN,O
82,82,Sentence: 6,.,CCONJ,O
83,83,Sentence: 6,Теперь,NOUN,O
84,84,Sentence: 6,совсем,PUNCT,O
85,85,Sentence: 6,другие,NOUN,O
86,86,Sentence: 6,времена,ADJ,O
87,87,Sentence: 6,и,NOUN,O
88,88,Sentence: 6,одним,PUNCT,O
89,89,Sentence: 6,из,ADJ,O
90,90,Sentence: 6,главных,NOUN,O
91,91,Sentence: 6,требований,PUNCT,O
92,92,Sentence: 6,к,ADP,O
93,93,Sentence: 6,современным,NOUN,O
94,94,Sentence: 6,антивирусам,VERB,O
95,95,Sentence: 6,является,NOUN,O
96,96,Sentence: 6,небольшое,CCONJ,O
97,97,Sentence: 6,потребление,ADJ,O
98,98,Sentence: 6,ресурсов,NOUN,O
99,99,Sentence: 6,компьютера,CCONJ,O
100,100,Sentence: 6,",",VERB,O
101,101,Sentence: 6,хотя,NOUN,O
102,102,Sentence: 6,стоит,VERB,O
103,103,Sentence: 6,заметить,NOUN,O
104,104,Sentence: 6,",",ADJ,O
105,105,Sentence: 6,что,NOUN,O
106,106,Sentence: 6,если,PUNCT,O
107,107,Sentence: 6,дать,NOUN,O
108,108,Sentence: 6,команду,PUNCT,O
109,109,Sentence: 6,на,PUNCT,O
110,110,Sentence: 6,полное,ADV,O
111,111,Sentence: 6,и,VERB,O
112,112,Sentence: 6,глубокое,ADP,O
113,113,Sentence: 6,сканирование,PROPN,O
114,114,Sentence: 6,",",CCONJ,O
115,115,Sentence: 6,то,VERB,O
116,116,Sentence: 6,для,NOUN,O
117,117,Sentence: 6,этого,NOUN,O
118,118,Sentence: 6,будет,ADP,O
119,119,Sentence: 6,задействованы,NOUN,O
120,120,Sentence: 6,все,PRON,O
121,121,Sentence: 6,средства,NOUN,O
122,122,Sentence: 6,",",ADP,O
123,123,Sentence: 6,зато,PROPN,O
124,124,Sentence: 6,в,PROPN,O
125,125,Sentence: 6,других,PUNCT,O
126,126,Sentence: 6,случаях,ADJ,O
127,127,Sentence: 6,система,ADJ,O
128,128,Sentence: 6,остаётся,CCONJ,O
129,129,Sentence: 6,почти,ADJ,O
130,130,Sentence: 6,незатронутой,ADJ,O
131,131,Sentence: 6,.,NOUN,O
132,132,Sentence: 6,Последними,PUNCT,O
133,133,Sentence: 7,версиями,VERB,O
134,134,Sentence: 7,являются,NOUN,O
135,135,Sentence: 7,антивирус,PUNCT,O
136,136,Sentence: 7,Касперского,NOUN,O
137,137,Sentence: 7,2010,NOUN,O
138,138,Sentence: 7,",",NOUN,O
139,139,Sentence: 7,комплексная,CCONJ,O
140,140,Sentence: 7,защита,PROPN,O
141,141,Sentence: 7,Kaspersky,ADP,O
142,142,Sentence: 7,Internet,NOUN,O
143,143,Sentence: 7,Security,ADJ,O
144,144,Sentence: 7,2010,CCONJ,O
145,145,Sentence: 7,и,ADJ,O
146,146,Sentence: 7,Kaspersky,NOUN,O
147,147,Sentence: 7,CRYSTAL,PUNCT,O
148,148,Sentence: 8,.,VERB,O
149,149,Sentence: 8,Антивирус,NUM,O
150,150,Sentence: 8,Касперского,NOUN,O
151,151,Sentence: 8,2010,PUNCT,O
152,152,Sentence: 8,обладает,VERB,O
153,153,Sentence: 8,всеми,PART,O
154,154,Sentence: 8,основными,ADV,O
155,155,Sentence: 8,функциями,PROPN,O
156,156,Sentence: 8,защиты,PUNCT,O
157,157,Sentence: 8,",",VERB,O
158,158,Sentence: 8,вот,NOUN,O
159,159,Sentence: 8,некоторые,NOUN,O
160,160,Sentence: 8,из,NOUN,O
161,161,Sentence: 8,них,PUNCT,O
162,162,Sentence: 9,:,PART,O
163,163,Sentence: 9,классический,VERB,O
164,164,Sentence: 9,антивирус,VERB,O
165,165,Sentence: 9,",",NOUN,O
166,166,Sentence: 9,антишпионский,ADP,O
167,167,Sentence: 9,модуль,ADJ,O
168,168,Sentence: 9,",",NOUN,O
169,169,Sentence: 9,онлайн,PUNCT,O
170,170,Sentence: 9,сканер,ADP,O
171,171,Sentence: 9,и,NOUN,O
172,172,Sentence: 9,веб-антивирус,PUNCT,O
173,173,Sentence: 9,",",ADP,O
174,174,Sentence: 9,защищающий,NOUN,O
175,175,Sentence: 9,в,PUNCT,O
176,176,Sentence: 9,режиме,PUNCT,O
177,177,Sentence: 9,реального,PRON,O
178,178,Sentence: 9,времени,PUNCT,O
179,179,Sentence: 9,при,ADP,O
180,180,Sentence: 9,просмотре,PUNCT,O
181,181,Sentence: 9,Интернет,ADP,O
182,182,Sentence: 9,страниц,NOUN,O
183,183,Sentence: 9,.,NOUN,O
184,184,Sentence: 9,Имеется,VERB,O
185,185,Sentence: 9,новая,NOUN,O
186,186,Sentence: 9,функция,ADP,O
187,187,Sentence: 9,–,DET,O
188,188,Sentence: 9,виртуальная,NOUN,O
189,189,Sentence: 9,клавиатура,PROPN,O
190,190,Sentence: 9,",",PUNCT,O
191,191,Sentence: 9,позволяющая,ADJ,O
192,192,Sentence: 9,безопасно,VERB,O
193,193,Sentence: 9,вводить,CCONJ,O
194,194,Sentence: 9,данные,VERB,O
195,195,Sentence: 9,и,NOUN,O
196,196,Sentence: 9,не,ADP,O
197,197,Sentence: 9,бояться,ADJ,O
198,198,Sentence: 9,программ,ADJ,O
199,199,Sentence: 9,",",NOUN,O
200,200,Sentence: 9,крадущих,PRON,O
201,201,Sentence: 9,логины,NOUN,O
202,202,Sentence: 9,и,PUNCT,O
203,203,Sentence: 9,пароли,ADP,O
204,204,Sentence: 9,.,NOUN,O
205,205,Sentence: 9,В,ADP,O
206,206,Sentence: 9,Kaspersky,ADJ,O
207,207,Sentence: 9,Internet,NOUN,O
208,208,Sentence: 9,Security,NOUN,O
209,209,Sentence: 9,2010,PUNCT,O
210,210,Sentence: 9,присутствуют,PUNCT,O
211,211,Sentence: 10,те,ADJ,O
212,212,Sentence: 10,же,NOUN,O
213,213,Sentence: 10,функции,VERB,O
214,214,Sentence: 10,",",VERB,O
215,215,Sentence: 10,плюс,ADP,O
216,216,Sentence: 10,есть,PROPN,O
217,217,Sentence: 10,наличие,X,O
218,218,Sentence: 10,сетевого,X,O
219,219,Sentence: 10,экрана,PROPN,O
220,220,Sentence: 10,",",PROPN,O
221,221,Sentence: 10,защищающего,PROPN,O
222,222,Sentence: 10,от,ADV,O
223,223,Sentence: 10,внешних,VERB,O
224,224,Sentence: 10,вторжений,NOUN,O
225,225,Sentence: 10,из,ADP,O
226,226,Sentence: 10,Интернета,NOUN,O
227,227,Sentence: 10,.,NOUN,O
228,228,Sentence: 10,Kaspersky,ADP,O
229,229,Sentence: 10,CRYSTAL,DET,O
230,230,Sentence: 10,в,NOUN,O
231,231,Sentence: 10,отличии,CCONJ,O
232,232,Sentence: 10,от,NOUN,O
233,233,Sentence: 10,Kaspersky,NOUN,B-sre
234,234,Sentence: 10,Internet,ADP,I-sre
235,235,Sentence: 10,Security,ADJ,I-sre
236,236,Sentence: 10,2010,NOUN,O
237,237,Sentence: 10,оснащён,PUNCT,O
238,238,Sentence: 11,ещё,ADV,O
239,239,Sentence: 11,и,ADP,O
240,240,Sentence: 11,функцией,DET,O
241,241,Sentence: 11,резервного,DET,O
242,242,Sentence: 11,копирования,NOUN,O
243,243,Sentence: 11,и,PUNCT,O
244,244,Sentence: 11,восстановления,ADP,O
245,245,Sentence: 11,данных,DET,O
246,246,Sentence: 11,.,NOUN,O
247,247,Sentence: 11,Также,NOUN,O
248,248,Sentence: 11,в,PART,O
249,249,Sentence: 11,продуктах,VERB,O
250,250,Sentence: 11,лаборатории,NOUN,O
251,251,Sentence: 11,Касперского,VERB,O
252,252,Sentence: 11,присутствует,PRON,O
253,253,Sentence: 11,функция,ADP,O
254,254,Sentence: 11,Родительского,PRON,O
255,255,Sentence: 11,контроля,PUNCT,O
256,256,Sentence: 11,",",SCONJ,O
257,257,Sentence: 11,ограждающая,PRON,O
258,258,Sentence: 11,детей,ADV,O
259,259,Sentence: 11,от,ADV,O
260,260,Sentence: 11,посещения,ADV,O
261,261,Sentence: 11,нежелательных,VERB,O
262,262,Sentence: 11,Интернет,NOUN,O
263,263,Sentence: 11,сайтов,PUNCT,O
264,264,Sentence: 12,.,ADV,O
265,265,Sentence: 12,В,AUX,O
266,266,Sentence: 12,своей,ADP,O
267,267,Sentence: 12,работе,NOUN,O
268,268,Sentence: 12,эти,ADJ,O
269,269,Sentence: 12,программы,NOUN,O
270,270,Sentence: 12,используют,PUNCT,O
271,271,Sentence: 12,различные,ADV,O
272,272,Sentence: 12,принципы,ADJ,O
273,273,Sentence: 12,для,ADJ,O
274,274,Sentence: 12,поиска,NOUN,O
275,275,Sentence: 12,и,PART,O
276,276,Sentence: 12,лечения,ADV,O
277,277,Sentence: 12,зараженных,VERB,O
278,278,Sentence: 12,файлов,PUNCT,O
279,279,Sentence: 12,.,NOUN,O
280,280,Sentence: 12,Учитывая,PUNCT,O
281,281,Sentence: 12,наличие,PUNCT,O
282,282,Sentence: 13,мощной,ADV,O
283,283,Sentence: 13,защиты,ADV,O
284,284,Sentence: 13,в,ADJ,O
285,285,Sentence: 13,данном,NOUN,O
286,286,Sentence: 13,продукте,CCONJ,O
287,287,Sentence: 13,",",NUM,O
288,288,Sentence: 13,не,ADP,O
289,289,Sentence: 13,стоит,ADJ,O
290,290,Sentence: 13,удивляться,NOUN,O
291,291,Sentence: 13,его,ADP,O
292,292,Sentence: 13,цене,ADJ,O
293,293,Sentence: 13,.,NOUN,O
294,294,Sentence: 13,К,VERB,O
295,295,Sentence: 13,примеру,ADJ,O
296,296,Sentence: 13,",",NOUN,O
297,297,Sentence: 13,лицензия,NOUN,O
298,298,Sentence: 13,Kaspersky,NOUN,O
299,299,Sentence: 13,CRYSTAL,PUNCT,O
300,300,Sentence: 13,для,SCONJ,O
301,301,Sentence: 13,2-х,VERB,O
302,302,Sentence: 13,компьютеров,VERB,O
303,303,Sentence: 13,стоит,PUNCT,O
304,304,Sentence: 13,около,SCONJ,O
305,305,Sentence: 13,88,SCONJ,O
306,306,Sentence: 13,у,VERB,O
307,307,Sentence: 13,.,NOUN,O
308,308,Sentence: 13,е,ADP,O
309,309,Sentence: 13,.,ADJ,O
310,310,Sentence: 13,",",CCONJ,O
311,311,Sentence: 13,а,ADJ,O
312,312,Sentence: 13,остальные,NOUN,O
313,313,Sentence: 13,версии,PUNCT,O
314,314,Sentence: 13,",",SCONJ,O
315,315,Sentence: 13,ввиду,ADP,O
316,316,Sentence: 13,отсутствия,PRON,O
317,317,Sentence: 13,некоторых,AUX,O
318,318,Sentence: 13,функций,VERB,O
319,319,Sentence: 13,",",DET,O
320,320,Sentence: 13,стоят,NOUN,O
321,321,Sentence: 13,немного,PUNCT,O
322,322,Sentence: 13,дешевле,CCONJ,O
323,323,Sentence: 13,.,ADP,O
324,324,Sentence: 13,Прежде,ADJ,O
325,325,Sentence: 13,чем,NOUN,O
326,326,Sentence: 13,приобретать,NOUN,O
327,327,Sentence: 13,какую-либо,VERB,O
328,328,Sentence: 13,версию,ADV,O
329,329,Sentence: 13,",",ADJ,O
330,330,Sentence: 13,лучше,PUNCT,O
331,331,Sentence: 14,скачать,ADJ,O
332,332,Sentence: 14,установочный,NOUN,O
333,333,Sentence: 14,дистрибутив,VERB,O
334,334,Sentence: 14,с,NOUN,O
335,335,Sentence: 14,официального,PROPN,O
336,336,Sentence: 14,сайта,NUM,O
337,337,Sentence: 14,и,PUNCT,O
338,338,Sentence: 14,установить,ADJ,O
339,339,Sentence: 14,пробную,NOUN,O
340,340,Sentence: 14,версию,X,O
341,341,Sentence: 14,продукта,X,O
342,342,Sentence: 14,",",X,O
343,343,Sentence: 14,которая,NUM,O
344,344,Sentence: 14,будет,CCONJ,O
345,345,Sentence: 14,доступна,X,O
346,346,Sentence: 14,30,X,O
347,347,Sentence: 14,дней,PUNCT,O
348,348,Sentence: 15,.,NOUN,O
349,349,Sentence: 15,Dr,PROPN,O
350,350,Sentence: 15,.,NUM,O
351,351,Sentence: 15,Web,VERB,O
352,352,Sentence: 15,Теперь,DET,O
353,353,Sentence: 15,рассмотрим,ADJ,O
354,354,Sentence: 15,Dr,NOUN,O
355,355,Sentence: 15,.,NOUN,O
356,356,Sentence: 15,Web,PUNCT,O
357,357,Sentence: 15,–,PART,O
358,358,Sentence: 15,ещё,DET,O
359,359,Sentence: 15,один,ADP,O
360,360,Sentence: 15,антивирус,PRON,O
361,361,Sentence: 15,российского,PUNCT,O
362,362,Sentence: 15,производства,ADJ,O
363,363,Sentence: 15,",",NOUN,O
364,364,Sentence: 15,кстати,PUNCT,O
365,365,Sentence: 15,",",ADJ,O
366,366,Sentence: 15,сертифицированный,NOUN,O
367,367,Sentence: 15,Министерством,PUNCT,O
368,368,Sentence: 15,обороны,ADV,O
369,369,Sentence: 15,Российской,NOUN,O
370,370,Sentence: 15,Федерации,CCONJ,O
371,371,Sentence: 15,.,NOUN,O
372,372,Sentence: 15,Если,PUNCT,O
373,373,Sentence: 15,говорить,VERB,O
374,374,Sentence: 15,о,ADP,O
375,375,Sentence: 15,функциях,NOUN,O
376,376,Sentence: 15,защиты,ADJ,O
377,377,Sentence: 15,",",NOUN,O
378,378,Sentence: 15,то,ADP,O
379,379,Sentence: 15,они,NOUN,O
380,380,Sentence: 15,во,PROPN,O
381,381,Sentence: 15,многом,NOUN,O
382,382,Sentence: 15,схожи,PUNCT,O
383,383,Sentence: 16,с,VERB,O
384,384,Sentence: 16,антивирусом,ADJ,O
385,385,Sentence: 16,Касперского,NOUN,O
386,386,Sentence: 16,",",PUNCT,O
387,387,Sentence: 16,да,ADJ,O
388,388,Sentence: 16,и,NOUN,O
389,389,Sentence: 16,с,PUNCT,O
390,390,Sentence: 16,функциями,VERB,O
391,391,Sentence: 16,многих,ADV,O
392,392,Sentence: 16,других,VERB,O
393,393,Sentence: 16,популярных,NOUN,O
394,394,Sentence: 16,продуктов,CCONJ,O
395,395,Sentence: 16,",",PART,O
396,396,Sentence: 16,таких,VERB,O
397,397,Sentence: 16,как,NOUN,O
398,398,Sentence: 16,Nod,PUNCT,O
399,399,Sentence: 16,32,ADJ,O
400,400,Sentence: 16,",",NOUN,O
401,401,Sentence: 16,Norton,CCONJ,O
402,402,Sentence: 16,",",NOUN,O
403,403,Sentence: 16,Panda,PUNCT,O
404,404,Sentence: 17,",",ADP,O
405,405,Sentence: 17,но,X,O
406,406,Sentence: 17,только,X,O
407,407,Sentence: 17,реализованные,X,O
408,408,Sentence: 17,под,NUM,O
409,409,Sentence: 17,другой,VERB,O
410,410,Sentence: 17,графической,DET,O
411,411,Sentence: 17,оболочкой,PART,O
412,412,Sentence: 17,.,NOUN,O
413,413,Sentence: 17,Помимо,PUNCT,O
414,414,Sentence: 17,модулей,ADP,O
415,415,Sentence: 17,антивируса,VERB,O
416,416,Sentence: 17,",",NOUN,O
417,417,Sentence: 17,антишпиона,ADJ,O
418,418,Sentence: 17,",",NOUN,O
419,419,Sentence: 17,антируткита,PUNCT,O
420,420,Sentence: 17,",",VERB,O
421,421,Sentence: 17,антиспама,ADP,O
422,422,Sentence: 17,",",ADJ,O
423,423,Sentence: 17,веб-антивируса,NOUN,O
424,424,Sentence: 17,и,ADP,O
425,425,Sentence: 17,брандмауэра,PROPN,O
426,426,Sentence: 17,",",PUNCT,O
427,427,Sentence: 18,имеющихся,X,O
428,428,Sentence: 18,во,X,O
429,429,Sentence: 18,всех,ADP,O
430,430,Sentence: 18,продуктах,NOUN,O
431,431,Sentence: 18,Dr,ADP,O
432,432,Sentence: 18,.,X,O
433,433,Sentence: 18,Web,X,O
434,434,Sentence: 18,",",X,O
435,435,Sentence: 18,Dr,NUM,O
436,436,Sentence: 18,.,VERB,O
437,437,Sentence: 18,Web,ADV,O
438,438,Sentence: 18,Бастион,PART,O
439,439,Sentence: 18,Pro,NOUN,O
440,440,Sentence: 18,предлагает,ADJ,O
441,441,Sentence: 18,функцию,NOUN,O
442,442,Sentence: 18,Криптограф,CCONJ,O
443,443,Sentence: 18,",",NOUN,O
444,444,Sentence: 18,предназначенную,NOUN,O
445,445,Sentence: 18,для,PUNCT,O
446,446,Sentence: 19,шифрования,ADV,O
447,447,Sentence: 19,информации,ADP,O
448,448,Sentence: 19,в,NOUN,O
449,449,Sentence: 19,специальных,NOUN,O
450,450,Sentence: 19,файловых,PROPN,O
451,451,Sentence: 19,контейнерах,VERB,O
452,452,Sentence: 19,.,NOUN,O
453,453,Sentence: 19,Также,ADJ,O
454,454,Sentence: 19,как,NOUN,O
455,455,Sentence: 19,и,PUNCT,O
456,456,Sentence: 19,в,VERB,O
457,457,Sentence: 19,«,NOUN,O
458,458,Sentence: 19,Касперском,ADP,O
459,459,Sentence: 19,»,NOUN,O
460,460,Sentence: 19,",",ADJ,O
461,461,Sentence: 19,есть,PROPN,O
462,462,Sentence: 19,возможность,NOUN,O
463,463,Sentence: 19,активировать,PUNCT,O
464,464,Sentence: 20,пробную,VERB,O
465,465,Sentence: 20,версию,NOUN,O
466,466,Sentence: 20,на,ADJ,O
467,467,Sentence: 20,30,NOUN,O
468,468,Sentence: 20,дней,ADP,O
469,469,Sentence: 20,",",ADJ,O
470,470,Sentence: 20,но,NOUN,O
471,471,Sentence: 20,с,PUNCT,O
472,472,Sentence: 20,той,PART,O
473,473,Sentence: 20,лишь,VERB,O
474,474,Sentence: 20,разницей,VERB,O
475,475,Sentence: 20,",",DET,O
476,476,Sentence: 20,что,NOUN,O
477,477,Sentence: 20,эту,PUNCT,O
478,478,Sentence: 21,процедуру,ADP,O
479,479,Sentence: 21,можно,NOUN,O
480,480,Sentence: 21,повторять,PUNCT,O
481,481,Sentence: 21,один,NOUN,O
482,482,Sentence: 21,раз,X,O
483,483,Sentence: 21,в,X,O
484,484,Sentence: 21,четыре,ADP,O
485,485,Sentence: 21,месяца,NUM,O
486,486,Sentence: 21,.,NOUN,O
487,487,Sentence: 21,Бесплатная,VERB,O
488,488,Sentence: 21,для,ADP,O
489,489,Sentence: 21,домашнего,NUM,O
490,490,Sentence: 21,использования,NOUN,O
491,491,Sentence: 21,утилита,PUNCT,O
492,492,Sentence: 21,Dr,VERB,O
493,493,Sentence: 21,.,PUNCT,O
494,494,Sentence: 21,Web,PUNCT,O
495,495,Sentence: 21,CureIt,CCONJ,O
496,496,Sentence: 21,!,ADJ,O
497,497,Sentence: 21,не,NOUN,O
498,498,Sentence: 21,защищает,PUNCT,O
499,499,Sentence: 21,ПК,ADP,O
500,500,Sentence: 21,в,NOUN,O
501,501,Sentence: 21,реальном,DET,O
502,502,Sentence: 21,времени,NOUN,O
503,503,Sentence: 21,",",PUNCT,O
504,504,Sentence: 21,зато,VERB,O
505,505,Sentence: 21,позволяет,ADV,O
506,506,Sentence: 21,без,ADV,O
507,507,Sentence: 21,установки,PUNCT,O
508,508,Sentence: 22,просканировать,ADV,O
509,509,Sentence: 22,систему,SCONJ,O
510,510,Sentence: 22,на,VERB,O
511,511,Sentence: 22,наличие,DET,O
512,512,Sentence: 22,вредоносного,NOUN,O
513,513,Sentence: 22,программного,PUNCT,O
514,514,Sentence: 22,обеспечения,ADJ,O
515,515,Sentence: 22,.,VERB,O
516,516,Sentence: 22,Если,ADJ,O
517,517,Sentence: 22,компьютер,NOUN,O
518,518,Sentence: 22,заражен,ADP,O
519,519,Sentence: 22,настолько,ADJ,O
520,520,Sentence: 22,",",NOUN,O
521,521,Sentence: 22,что,CCONJ,O
522,522,Sentence: 22,даже,VERB,O
523,523,Sentence: 22,запуск,ADJ,O
524,524,Sentence: 22,Windows,NOUN,O
525,525,Sentence: 22,или,NOUN,O
526,526,Sentence: 22,Unix,PUNCT,O
527,527,Sentence: 22,проблематичен,PRON,O
528,528,Sentence: 22,",",AUX,O
529,529,Sentence: 22,то,ADJ,O
530,530,Sentence: 22,на,NUM,O
531,531,Sentence: 22,помощь,NOUN,O
532,532,Sentence: 22,придет,PUNCT,O
533,533,Sentence: 23,Dr,X,O
534,534,Sentence: 23,.,PUNCT,O
535,535,Sentence: 23,Web,X,O
536,536,Sentence: 23,LiveCD,ADV,O
537,537,Sentence: 23,–,VERB,O
538,538,Sentence: 23,диск,X,O
539,539,Sentence: 23,аварийного,PUNCT,O
540,540,Sentence: 23,восстановления,X,O
541,541,Sentence: 23,системы,PUNCT,O
542,542,Sentence: 23,.,ADV,O
543,543,Sentence: 23,C,NUM,O
544,544,Sentence: 23,помощью,NOUN,O
545,545,Sentence: 23,него,ADJ,O
546,546,Sentence: 23,Вы,NOUN,O
547,547,Sentence: 23,легко,PUNCT,O
548,548,Sentence: 23,восстановите,ADV,O
549,549,Sentence: 23,работоспособность,PUNCT,O
550,550,Sentence: 23,пораженной,NOUN,O
551,551,Sentence: 23,системы,PROPN,O
552,552,Sentence: 23,совершенно,NOUN,O
553,553,Sentence: 23,бесплатно,ADJ,O
554,554,Sentence: 23,!,PROPN,O
555,555,Sentence: 23,Для,PUNCT,O
556,556,Sentence: 24,нормальной,SCONJ,O
557,557,Sentence: 24,работы,VERB,O
558,558,Sentence: 24,на,ADP,O
559,559,Sentence: 24,ПК,NOUN,O
560,560,Sentence: 24,каждый,NOUN,O
561,561,Sentence: 24,пользователь,PUNCT,O
562,562,Sentence: 24,должен,SCONJ,O
563,563,Sentence: 24,следить,PRON,O
564,564,Sentence: 24,за,ADP,O
565,565,Sentence: 24,обновлением,NOUN,O
566,566,Sentence: 24,антивирусов,ADJ,O
567,567,Sentence: 24,.,ADP,O
568,568,Sentence: 24,Dr,NOUN,O
569,569,Sentence: 24,.,PROPN,O
570,570,Sentence: 24,Web,PUNCT,O
571,571,Sentence: 24,LiveCD,CCONJ,O
572,572,Sentence: 24,поможет,CCONJ,O
573,573,Sentence: 24,не,ADP,O
574,574,Sentence: 24,только,NOUN,O
575,575,Sentence: 24,очистить,NUM,O
576,576,Sentence: 24,компьютер,ADJ,O
577,577,Sentence: 24,от,ADJ,O
578,578,Sentence: 24,инфицированных,NOUN,O
579,579,Sentence: 24,и,PUNCT,O
580,580,Sentence: 24,подозрительных,DET,O
581,581,Sentence: 24,файлов,SCONJ,O
582,582,Sentence: 24,",",PROPN,O
583,583,Sentence: 24,но,NUM,O
584,584,Sentence: 24,и,PUNCT,O
585,585,Sentence: 24,скопировать,PROPN,O
586,586,Sentence: 24,важную,PUNCT,O
587,587,Sentence: 24,информацию,PROPN,O
588,588,Sentence: 24,на,PUNCT,O
589,589,Sentence: 24,сменные,CCONJ,O
590,590,Sentence: 24,носители,PART,O
591,591,Sentence: 24,или,VERB,O
592,592,Sentence: 24,другой,ADP,O
593,593,Sentence: 24,компьютер,ADJ,O
594,594,Sentence: 24,",",ADJ,O
595,595,Sentence: 24,а,NOUN,O
596,596,Sentence: 24,также,PUNCT,O
597,597,Sentence: 25,попытается,ADP,O
598,598,Sentence: 25,вылечить,NOUN,O
599,599,Sentence: 25,зараженные,NOUN,O
600,600,Sentence: 25,объекты,PUNCT,O
601,601,Sentence: 25,.,NOUN,O
602,602,Sentence: 25,ESET,PUNCT,O
603,603,Sentence: 25,NOD,NOUN,O
604,604,Sentence: 25,32,PUNCT,O
605,605,Sentence: 25,Немного,NOUN,O
606,606,Sentence: 25,слов,PUNCT,O
607,607,Sentence: 25,об,NOUN,O
608,608,Sentence: 25,антивирусе,CCONJ,O
609,609,Sentence: 25,ESET,NOUN,O
610,610,Sentence: 25,NOD,PUNCT,O
611,611,Sentence: 25,32,VERB,O
612,612,Sentence: 25,",",ADP,O
613,613,Sentence: 25,имеющем,DET,O
614,614,Sentence: 25,",",NOUN,O
615,615,Sentence: 25,также,PROPN,O
616,616,Sentence: 25,как,PUNCT,O
617,617,Sentence: 25,и,X,O
618,618,Sentence: 25,остальные,PUNCT,O
619,619,Sentence: 25,продукты,X,O
620,620,Sentence: 25,",",PUNCT,O
621,621,Sentence: 25,антивирус,X,O
622,622,Sentence: 25,",",X,O
623,623,Sentence: 25,антишпион,X,O
624,624,Sentence: 25,",",VERB,O
625,625,Sentence: 25,веб-антивирус,NOUN,O
626,626,Sentence: 25,",",PROPN,O
627,627,Sentence: 25,а,PUNCT,O
628,628,Sentence: 25,в,VERB,O
629,629,Sentence: 25,ESET,ADP,O
630,630,Sentence: 25,NOD,NOUN,O
631,631,Sentence: 25,32,NOUN,O
632,632,Sentence: 25,Smart,ADP,O
633,633,Sentence: 25,Security,ADJ,O
634,634,Sentence: 25,добавлен,ADJ,O
635,635,Sentence: 25,антиспам,NOUN,O
636,636,Sentence: 25,и,PUNCT,O
637,637,Sentence: 26,сетевой,ADV,O
638,638,Sentence: 26,экран,SCONJ,O
639,639,Sentence: 26,.,PART,O
640,640,Sentence: 26,NOD,ADP,O
641,641,Sentence: 26,32,PUNCT,O
642,642,Sentence: 26,является,PROPN,O
643,643,Sentence: 26,одним,PUNCT,O
644,644,Sentence: 26,из,PUNCT,O
645,645,Sentence: 26,самых,VERB,O
646,646,Sentence: 26,быстрых,NOUN,O
647,647,Sentence: 26,антивирусов,VERB,O
648,648,Sentence: 26,",",ADJ,O
649,649,Sentence: 26,также,NOUN,O
650,650,Sentence: 26,хочется,ADP,O
651,651,Sentence: 26,отметить,NUM,O
652,652,Sentence: 26,",",NOUN,O
653,653,Sentence: 26,что,PUNCT,O
654,654,Sentence: 26,и,CCONJ,O
655,655,Sentence: 26,более,ADP,O
656,656,Sentence: 26,ранние,DET,O
657,657,Sentence: 26,продукты,PART,O
658,658,Sentence: 26,этой,NOUN,O
659,659,Sentence: 26,серии,PUNCT,O
660,660,Sentence: 26,отличались,SCONJ,O
661,661,Sentence: 26,быстротой,DET,O
662,662,Sentence: 26,реакции,NOUN,O
663,663,Sentence: 26,и,ADV,O
664,664,Sentence: 26,незаметностью,VERB,O
665,665,Sentence: 26,для,NUM,O
666,666,Sentence: 26,системных,NOUN,O
667,667,Sentence: 26,ресурсов,ADP,O
668,668,Sentence: 26,компьютера,NUM,O
669,669,Sentence: 26,.,NOUN,O
670,670,Sentence: 26,Аналогично,PUNCT,O
671,671,Sentence: 27,«,ADJ,O
672,672,Sentence: 27,Касперскому,ADP,O
673,673,Sentence: 27,»,ADJ,O
674,674,Sentence: 27,имеется,NOUN,O
675,675,Sentence: 27,возможность,NOUN,O
676,676,Sentence: 27,бесплатного,X,O
677,677,Sentence: 27,тестирования,PUNCT,O
678,678,Sentence: 27,в,X,O
679,679,Sentence: 27,течение,X,O
680,680,Sentence: 27,30,PUNCT,O
681,681,Sentence: 27,дней,PART,O
682,682,Sentence: 27,.,VERB,O
683,683,Sentence: 27,ESET,PROPN,O
684,684,Sentence: 27,NOD,ADP,O
685,685,Sentence: 27,32,ADJ,O
686,686,Sentence: 27,Business,NOUN,O
687,687,Sentence: 27,Edition,PUNCT,O
688,688,Sentence: 27,–,CCONJ,O
689,689,Sentence: 27,централизованная,VERB,O
690,690,Sentence: 27,защита,ADP,O
691,691,Sentence: 27,серверов,NOUN,O
692,692,Sentence: 27,и,VERB,O
693,693,Sentence: 27,рабочих,NOUN,O
694,694,Sentence: 27,станций,ADP,O
695,695,Sentence: 27,от,NOUN,O
696,696,Sentence: 27,троянов,ADJ,O
697,697,Sentence: 27,",",ADJ,O
698,698,Sentence: 27,червей,NOUN,O
699,699,Sentence: 27,",",PUNCT,O
700,700,Sentence: 28,рекламных,SCONJ,O
701,701,Sentence: 28,вирусов,NOUN,O
702,702,Sentence: 28,",",VERB,O
703,703,Sentence: 28,фишинг-атак,ADV,O
704,704,Sentence: 28,и,PUNCT,O
705,705,Sentence: 28,других,SCONJ,O
706,706,Sentence: 28,угроз,PART,O
707,707,Sentence: 28,в,NOUN,O
708,708,Sentence: 28,организациях,PROPN,O
709,709,Sentence: 28,и,CCONJ,O
710,710,Sentence: 28,офисах,PROPN,O
711,711,Sentence: 28,.,VERB,O
712,712,Sentence: 28,Продукт,PUNCT,O
713,713,Sentence: 28,включает,SCONJ,O
714,714,Sentence: 28,в,ADP,O
715,715,Sentence: 28,себя,NOUN,O
716,716,Sentence: 28,приложение,VERB,O
717,717,Sentence: 28,ESET,X,O
718,718,Sentence: 28,Remote,PUNCT,O
719,719,Sentence: 28,Administrator,X,O
720,720,Sentence: 28,для,X,O
721,721,Sentence: 28,централизованного,PUNCT,O
722,722,Sentence: 28,администрирования,NOUN,O
723,723,Sentence: 28,корпоративных,ADJ,O
724,724,Sentence: 28,сетей,NOUN,O
725,725,Sentence: 28,.,NOUN,O
726,726,Sentence: 28,ESET,PUNCT,I-sre
727,727,Sentence: 29,NOD,ADP,I-sre
728,728,Sentence: 29,32,NOUN,I-sre
729,729,Sentence: 29,Business,PRON,I-sre
730,730,Sentence: 29,Edition,PRON,I-sre
731,731,Sentence: 29,Smart,ADV,I-sre
732,732,Sentence: 29,Security,VERB,I-sre
733,733,Sentence: 29,–,NOUN,O
734,734,Sentence: 29,комплексная,VERB,O
735,735,Sentence: 29,защита,NOUN,O
736,736,Sentence: 29,класса,ADV,O
737,737,Sentence: 29,Internet,ADV,O
738,738,Sentence: 29,Security,PUNCT,O
739,739,Sentence: 30,для,X,O
740,740,Sentence: 30,серверов,PUNCT,O
741,741,Sentence: 30,и,X,O
742,742,Sentence: 30,рабочих,X,O
743,743,Sentence: 30,станций,VERB,O
744,744,Sentence: 30,в,PART,O
745,745,Sentence: 30,офисах,PART,O
746,746,Sentence: 30,и,VERB,O
747,747,Sentence: 30,больших,NOUN,O
748,748,Sentence: 30,предприятий,ADP,O
749,749,Sentence: 30,",",NOUN,O
750,750,Sentence: 30,включающая,CCONJ,O
751,751,Sentence: 30,в,ADJ,O
752,752,Sentence: 30,себя,NOUN,O
753,753,Sentence: 30,антивирус,PUNCT,O
754,754,Sentence: 30,",",CCONJ,O
755,755,Sentence: 30,антишпион,CCONJ,O
756,756,Sentence: 30,",",VERB,O
757,757,Sentence: 30,антиспам,ADJ,O
758,758,Sentence: 30,и,NOUN,O
759,759,Sentence: 30,персональный,ADP,O
760,760,Sentence: 30,файервол,ADJ,O
761,761,Sentence: 30,",",NOUN,O
762,762,Sentence: 30,а,CCONJ,O
763,763,Sentence: 30,также,ADJ,O
764,764,Sentence: 30,приложение,NOUN,O
765,765,Sentence: 30,ESET,PUNCT,O
766,766,Sentence: 30,Remote,CCONJ,O
767,767,Sentence: 30,Administrator,ADV,O
768,768,Sentence: 30,для,VERB,O
769,769,Sentence: 30,администрирования,VERB,O
770,770,Sentence: 30,в,VERB,O
771,771,Sentence: 30,корпоративных,NOUN,O
772,772,Sentence: 30,сетевых,PUNCT,O
773,773,Sentence: 31,средах,X,O
774,774,Sentence: 31,предприятия,X,O
775,775,Sentence: 31,.,NUM,O
776,776,Sentence: 31,Panda,ADV,O
777,777,Sentence: 31,Security,NOUN,O
778,778,Sentence: 31,Заслуживает,ADP,O
779,779,Sentence: 31,также,NOUN,O
780,780,Sentence: 31,внимания,PROPN,O
781,781,Sentence: 31,такой,X,O
782,782,Sentence: 31,бренд,NUM,O
783,783,Sentence: 31,в,PUNCT,O
784,784,Sentence: 31,мире,VERB,O
785,785,Sentence: 31,антивирусных,PUNCT,O
786,786,Sentence: 31,программ,ADV,O
787,787,Sentence: 31,",",SCONJ,O
788,788,Sentence: 31,как,PART,O
789,789,Sentence: 31,Panda,ADJ,O
790,790,Sentence: 31,Security,NOUN,O
791,791,Sentence: 31,.,PUNCT,O
792,792,Sentence: 31,Panda,NOUN,O
793,793,Sentence: 31,Security,PUNCT,O
794,794,Sentence: 31,–,NOUN,O
795,795,Sentence: 31,один,PUNCT,O
796,796,Sentence: 31,из,NOUN,O
797,797,Sentence: 31,мировых,PUNCT,O
798,798,Sentence: 31,лидеров,CCONJ,O
799,799,Sentence: 31,в,ADP,O
800,800,Sentence: 31,разработке,PROPN,O
801,801,Sentence: 31,продуктов,X,O
802,802,Sentence: 31,для,NUM,O
803,803,Sentence: 31,защиты,X,O
804,804,Sentence: 31,IT-ресурсов,X,O
805,805,Sentence: 31,от,VERB,O
806,806,Sentence: 31,вирусов,NOUN,O
807,807,Sentence: 31,и,CCONJ,O
808,808,Sentence: 31,других,ADJ,O
809,809,Sentence: 31,компьютерных,NOUN,O
810,810,Sentence: 31,угроз,PUNCT,O
811,811,Sentence: 32,.,PROPN,O
812,812,Sentence: 32,Огромный,NUM,O
813,813,Sentence: 32,выбор,VERB,O
814,814,Sentence: 32,готовых,NUM,O
815,815,Sentence: 32,продуктов,ADP,O
816,816,Sentence: 32,для,ADJ,O
817,817,Sentence: 32,дома,ADJ,O
818,818,Sentence: 32,и,NOUN,O
819,819,Sentence: 32,офисов,PUNCT,O
820,820,Sentence: 32,.,ADV,O
821,821,Sentence: 32,Если,VERB,O
822,822,Sentence: 32,антивирусная,VERB,O
823,823,Sentence: 32,программа,PUNCT,O
824,824,Sentence: 32,обнаруживает,SCONJ,O
825,825,Sentence: 32,вирус,PART,O
826,826,Sentence: 32,в,ADV,O
827,827,Sentence: 32,файле,ADJ,O
828,828,Sentence: 32,",",NOUN,O
829,829,Sentence: 32,то,DET,O
830,830,Sentence: 32,она,NOUN,O
831,831,Sentence: 32,удаляет,VERB,O
832,832,Sentence: 32,из,NOUN,O
833,833,Sentence: 32,него,NOUN,O
834,834,Sentence: 32,программный,CCONJ,O
835,835,Sentence: 32,код,NOUN,O
836,836,Sentence: 32,вируса,ADP,O
837,837,Sentence: 32,.,ADJ,O
838,838,Sentence: 32,Для,NOUN,O
839,839,Sentence: 32,домашних,NOUN,O
840,840,Sentence: 32,пользователей,PUNCT,O
841,841,Sentence: 33,Panda,ADV,O
842,842,Sentence: 33,Security,PUNCT,O
843,843,Sentence: 33,предлагает,PROPN,O
844,844,Sentence: 33,продукты,PUNCT,O
845,845,Sentence: 33,:,VERB,O
846,846,Sentence: 33,Panda,NOUN,O
847,847,Sentence: 33,Antivirus,ADJ,O
848,848,Sentence: 33,Pro,NOUN,O
849,849,Sentence: 33,(,ADP,O
850,850,Sentence: 33,минимальный,NOUN,O
851,851,Sentence: 33,но,NUM,O
852,852,Sentence: 33,достаточный,NOUN,O
853,853,Sentence: 33,уровень,PUNCT,O
854,854,Sentence: 34,защиты,X,O
855,855,Sentence: 34,),X,O
856,856,Sentence: 34,",",NUM,O
857,857,Sentence: 34,Panda,X,B-sre
858,858,Sentence: 34,Internet,X,I-sre
859,859,Sentence: 34,Security,PUNCT,I-sre
860,860,Sentence: 34,for,VERB,I-sre
861,861,Sentence: 34,Netbooks,NOUN,I-sre
862,862,Sentence: 34,",",NOUN,O
863,863,Sentence: 34,Panda,CCONJ,O
864,864,Sentence: 34,Internet,ADJ,O
865,865,Sentence: 34,Security,NOUN,O
866,866,Sentence: 34,",",ADP,O
867,867,Sentence: 34,Panda,NOUN,O
868,868,Sentence: 34,Global,PUNCT,O
869,869,Sentence: 34,Protection,NOUN,O
870,870,Sentence: 34,(,PUNCT,O
871,871,Sentence: 34,максимальная,ADJ,O
872,872,Sentence: 34,защита,NOUN,O
873,873,Sentence: 34,вашего,PUNCT,O
874,874,Sentence: 34,компьютера,NOUN,O
875,875,Sentence: 34,),CCONJ,O
876,876,Sentence: 34,.,ADJ,O
877,877,Sentence: 34,Для,NOUN,O
878,878,Sentence: 34,офиса,ADP,O
879,879,Sentence: 34,линейка,NOUN,O
880,880,Sentence: 34,антивирусных,CCONJ,O
881,881,Sentence: 34,продуктов,NOUN,O
882,882,Sentence: 34,гораздо,PUNCT,O
883,883,Sentence: 35,разнообразен,NOUN,O
884,884,Sentence: 35,.,VERB,O
885,885,Sentence: 35,В,ADP,O
886,886,Sentence: 35,любом,PRON,O
887,887,Sentence: 35,варианте,NOUN,O
888,888,Sentence: 35,продукта,X,O
889,889,Sentence: 35,есть,X,O
890,890,Sentence: 35,возможность,X,O
891,891,Sentence: 35,бесплатной,ADP,O
892,892,Sentence: 35,полноценной,VERB,O
893,893,Sentence: 35,работы,NOUN,O
894,894,Sentence: 35,.,ADJ,O
895,895,Sentence: 35,Есть,NOUN,O
896,896,Sentence: 35,у,PUNCT,O
897,897,Sentence: 36,Panda,X,O
898,898,Sentence: 36,Security,X,O
899,899,Sentence: 36,интересные,NUM,O
900,900,Sentence: 36,решения,X,O
901,901,Sentence: 36,",",X,O
902,902,Sentence: 36,как,X,O
903,903,Sentence: 36,Panda,X,O
904,904,Sentence: 36,Cloud,PUNCT,O
905,905,Sentence: 36,Protection,ADJ,O
906,906,Sentence: 36,.,NOUN,O
907,907,Sentence: 36,Panda,NOUN,O
908,908,Sentence: 36,Cloud,X,O
909,909,Sentence: 36,Protection,X,O
910,910,Sentence: 36,–,ADP,O
911,911,Sentence: 36,это,NOUN,O
912,912,Sentence: 36,решение,CCONJ,O
913,913,Sentence: 36,для,ADJ,O
914,914,Sentence: 36,малых,NOUN,O
915,915,Sentence: 36,и,ADP,O
916,916,Sentence: 36,средних,NOUN,O
917,917,Sentence: 36,предприятий,CCONJ,O
918,918,Sentence: 36,",",ADJ,O
919,919,Sentence: 36,которое,NOUN,O
920,920,Sentence: 36,избавляет,PUNCT,O
921,921,Sentence: 36,от,VERB,O
922,922,Sentence: 36,лишних,ADP,O
923,923,Sentence: 36,расходов,PRON,O
924,924,Sentence: 36,на,NOUN,O
925,925,Sentence: 36,аппаратное,PUNCT,O
926,926,Sentence: 36,обеспечение,NOUN,O
927,927,Sentence: 36,",",PUNCT,O
928,928,Sentence: 36,персонал,ADJ,O
929,929,Sentence: 36,и,CCONJ,O
930,930,Sentence: 36,другие,ADJ,O
931,931,Sentence: 36,ресурсы,NOUN,O
932,932,Sentence: 36,",",PUNCT,O
933,933,Sentence: 36,выделяемые,CCONJ,O
934,934,Sentence: 36,на,ADV,O
935,935,Sentence: 36,антивирусную,NOUN,O
936,936,Sentence: 36,защиту,X,O
937,937,Sentence: 36,ПК,X,O
938,938,Sentence: 36,",",X,O
939,939,Sentence: 36,ноутбуков,ADP,O
940,940,Sentence: 36,",",NOUN,O
941,941,Sentence: 36,рабочих,ADP,O
942,942,Sentence: 36,станций,ADJ,O
943,943,Sentence: 36,",",ADJ,O
944,944,Sentence: 36,серверов,NOUN,O
945,945,Sentence: 36,и,NOUN,O
946,946,Sentence: 36,почтового,PUNCT,O
947,947,Sentence: 37,трафика,X,O
948,948,Sentence: 37,.,X,O
949,949,Sentence: 37,Этот,VERB,O
950,950,Sentence: 37,продукт,ADV,O
951,951,Sentence: 37,",",NOUN,O
952,952,Sentence: 37,как,DET,O
953,953,Sentence: 37,бы,NOUN,O
954,954,Sentence: 37,всегда,ADP,O
955,955,Sentence: 37,установлен,NOUN,O
956,956,Sentence: 37,на,ADJ,O
957,957,Sentence: 37,серверах,NOUN,O
958,958,Sentence: 37,Panda,PUNCT,O
959,959,Sentence: 37,Security,SCONJ,O
960,960,Sentence: 37,",",X,O
961,961,Sentence: 37,а,X,O
962,962,Sentence: 37,для,PUNCT,O
963,963,Sentence: 38,проверки,X,O
964,964,Sentence: 38,компьютеров,X,O
965,965,Sentence: 38,всегда,PUNCT,O
966,966,Sentence: 38,доступен,NUM,O
967,967,Sentence: 38,из,ADP,O
968,968,Sentence: 38,любого,ADJ,O
969,969,Sentence: 38,места,NOUN,O
970,970,Sentence: 38,в,ADP,O
971,971,Sentence: 38,мире,NOUN,O
972,972,Sentence: 38,с,NOUN,O
973,973,Sentence: 38,помощью,ADP,O
974,974,Sentence: 38,собственной,NOUN,O
975,975,Sentence: 38,веб-консоли,PROPN,O
976,976,Sentence: 38,.,ADP,O
977,977,Sentence: 38,Panda,NOUN,O
978,978,Sentence: 38,Cloud,CCONJ,O
979,979,Sentence: 38,Protection,ADJ,O
980,980,Sentence: 38,включает,ADJ,O
981,981,Sentence: 38,следующие,NOUN,O
982,982,Sentence: 38,сервисы,PUNCT,O
983,983,Sentence: 39,:,ADJ,O
984,984,Sentence: 39,Panda,NOUN,B-sre
985,985,Sentence: 39,Cloud,ADJ,I-sre
986,986,Sentence: 39,Office,NOUN,I-sre
987,987,Sentence: 39,Protection,ADP,I-sre
988,988,Sentence: 39,Panda,NOUN,I-sre
989,989,Sentence: 39,Cloud,CCONJ,I-sre
990,990,Sentence: 39,Email,NOUN,I-sre
991,991,Sentence: 39,Protection,PUNCT,I-sre
992,992,Sentence: 40,Panda,ADP,I-sre
993,993,Sentence: 40,Cloud,ADJ,I-sre
994,994,Sentence: 40,Internet,NOUN,I-sre
995,995,Sentence: 40,Protection,X,I-sre
996,996,Sentence: 40,Основным,X,O
997,997,Sentence: 40,недостатком,VERB,O
998,998,Sentence: 40,перечисленных,NOUN,O
999,999,Sentence: 40,выше,PUNCT,O
1000,1000,Sentence: 40,коммерческих,X,O
1001,1001,Sentence: 40,продуктов,X,O
1002,1002,Sentence: 40,является,X,O
1003,1003,Sentence: 40,их,PUNCT,O
1004,1004,Sentence: 40,немаленькая,ADJ,O
1005,1005,Sentence: 40,стоимость,CCONJ,O
1006,1006,Sentence: 40,.,ADJ,O
1007,1007,Sentence: 40,Согласитесь,NOUN,O
1008,1008,Sentence: 40,",",NOUN,O
1009,1009,Sentence: 40,не,PUNCT,O
1010,1010,Sentence: 40,каждый,PUNCT,O
1011,1011,Sentence: 40,может,X,O
1012,1012,Sentence: 40,себе,X,O
1013,1013,Sentence: 40,позволить,X,O
1014,1014,Sentence: 40,потратить,X,O
1015,1015,Sentence: 40,сумму,X,O
1016,1016,Sentence: 40,в,PUNCT,O
1017,1017,Sentence: 40,80-90,X,O
1018,1018,Sentence: 40,у,X,O
1019,1019,Sentence: 40,.,X,O
1020,1020,Sentence: 40,е,PUNCT,O
1021,1021,Sentence: 40,.,X,O
1022,1022,Sentence: 40,",",X,O
1023,1023,Sentence: 40,пусть,X,O
1024,1024,Sentence: 40,даже,PUNCT,O
1025,1025,Sentence: 40,на,ADJ,O
1026,1026,Sentence: 40,очень,NOUN,O
1027,1027,Sentence: 40,качественный,DET,O
1028,1028,Sentence: 40,программный,NOUN,O
1029,1029,Sentence: 40,продукт,PUNCT,O
1030,1030,Sentence: 40,",",PUNCT,O
1031,1031,Sentence: 41,поэтому,ADP,O
1032,1032,Sentence: 41,приходится,NOUN,O
1033,1033,Sentence: 41,прибегать,NOUN,O
1034,1034,Sentence: 41,к,ADJ,O
1035,1035,Sentence: 41,различным,NOUN,O
1036,1036,Sentence: 41,«,ADV,O
1037,1037,Sentence: 41,крякам,ADJ,O
1038,1038,Sentence: 41,»,PUNCT,O
1039,1039,Sentence: 42,или,ADP,O
1040,1040,Sentence: 42,искать,DET,O
1041,1041,Sentence: 42,бесплатную,NOUN,O
1042,1042,Sentence: 42,альтернативу,NOUN,O
1043,1043,Sentence: 42,.,VERB,O
1044,1044,Sentence: 42,Благо,NOUN,O
1045,1045,Sentence: 42,сегодня,ADJ,O
1046,1046,Sentence: 42,имеется,ADJ,O
1047,1047,Sentence: 42,большое,NOUN,O
1048,1048,Sentence: 42,количество,PUNCT,O
1049,1049,Sentence: 43,бесплатных,VERB,O
1050,1050,Sentence: 43,антивирусов,ADP,O
1051,1051,Sentence: 43,",",X,O
1052,1052,Sentence: 43,защищающих,X,O
1053,1053,Sentence: 43,ваш,ADJ,O
1054,1054,Sentence: 43,компьютер,NOUN,O
1055,1055,Sentence: 43,не,PUNCT,O
1056,1056,Sentence: 43,хуже,SCONJ,O
1057,1057,Sentence: 43,платных,X,O
1058,1058,Sentence: 43,аналогов,X,O
1059,1059,Sentence: 43,.,X,O
1060,1060,Sentence: 43,Но,PUNCT,O
1061,1061,Sentence: 44,следует,X,O
1062,1062,Sentence: 44,помнить,X,O
1063,1063,Sentence: 44,",",X,O
1064,1064,Sentence: 44,что,PUNCT,O
1065,1065,Sentence: 44,их,PART,O
1066,1066,Sentence: 44,бесплатность,NOUN,O
1067,1067,Sentence: 44,ограничивается,ADP,O
1068,1068,Sentence: 44,только,ADJ,O
1069,1069,Sentence: 44,домашним,CCONJ,O
1070,1070,Sentence: 44,использованием,ADJ,O
1071,1071,Sentence: 44,.,NOUN,O
1072,1072,Sentence: 44,avast,PUNCT,O
1073,1073,Sentence: 44,!,PRON,O
1074,1074,Sentence: 44,5,VERB,O
1075,1075,Sentence: 44,Free,ADP,O
1076,1076,Sentence: 44,Antivirus,ADJ,O
1077,1077,Sentence: 44,Одним,NOUN,O
1078,1078,Sentence: 44,из,ADP,O
1079,1079,Sentence: 44,таких,ADJ,O
1080,1080,Sentence: 44,антивирусных,NOUN,O
1081,1081,Sentence: 44,продуктов,PUNCT,O
1082,1082,Sentence: 44,является,NOUN,O
1083,1083,Sentence: 44,avast,CCONJ,O
1084,1084,Sentence: 44,!,ADJ,O
1085,1085,Sentence: 44,5,NOUN,O
1086,1086,Sentence: 44,Free,PUNCT,O
1087,1087,Sentence: 44,Antivirus,VERB,O
1088,1088,Sentence: 44,",",ADP,O
1089,1089,Sentence: 44,отличающийся,ADJ,O
1090,1090,Sentence: 44,от,NOUN,O
1091,1091,Sentence: 44,своих,PROPN,O
1092,1092,Sentence: 44,платных,PUNCT,O
1093,1093,Sentence: 44,вариантов,NOUN,O
1094,1094,Sentence: 44,отсутствием,PUNCT,O
1095,1095,Sentence: 44,брандмауэра,ADJ,O
1096,1096,Sentence: 44,и,NOUN,O
1097,1097,Sentence: 44,некоторыми,PUNCT,O
1098,1098,Sentence: 44,другими,NOUN,O
1099,1099,Sentence: 44,непринципиальными,CCONJ,O
1100,1100,Sentence: 44,функциями,ADJ,O
1101,1101,Sentence: 44,.,NOUN,O
1102,1102,Sentence: 44,Если,PUNCT,O
1103,1103,Sentence: 45,лечение,DET,O
1104,1104,Sentence: 45,невозможно,NOUN,O
1105,1105,Sentence: 45,",",PUNCT,O
1106,1106,Sentence: 45,то,ADV,O
1107,1107,Sentence: 45,зараженный,AUX,O
1108,1108,Sentence: 45,файл,ADV,O
1109,1109,Sentence: 45,удаляется,VERB,O
1110,1110,Sentence: 45,целиком,ADP,O
1111,1111,Sentence: 45,.,NOUN,O
1112,1112,Sentence: 45,В,X,O
1113,1113,Sentence: 45,avast,X,O
1114,1114,Sentence: 45,!,PUNCT,O
1115,1115,Sentence: 45,5,CCONJ,O
1116,1116,Sentence: 45,Free,ADP,O
1117,1117,Sentence: 45,Antivirus,NOUN,O
1118,1118,Sentence: 45,имеется,NOUN,O
1119,1119,Sentence: 45,возможность,ADV,O
1120,1120,Sentence: 45,активации,ADJ,O
1121,1121,Sentence: 45,функции,ADP,O
1122,1122,Sentence: 45,",",DET,O
1123,1123,Sentence: 45,позволяющей,NOUN,O
1124,1124,Sentence: 45,сканировать,ADP,O
1125,1125,Sentence: 45,жёсткие,NOUN,O
1126,1126,Sentence: 45,диски,ADP,O
1127,1127,Sentence: 45,ещё,NOUN,O
1128,1128,Sentence: 45,до,ADJ,O
1129,1129,Sentence: 45,загрузки,NOUN,O
1130,1130,Sentence: 45,операционной,PUNCT,O
1131,1131,Sentence: 46,системы,X,O
1132,1132,Sentence: 46,",",X,O
1133,1133,Sentence: 46,что,X,O
1134,1134,Sentence: 46,является,VERB,O
1135,1135,Sentence: 46,несомненным,ADJ,O
1136,1136,Sentence: 46,преимуществом,NOUN,O
1137,1137,Sentence: 46,даже,PUNCT,O
1138,1138,Sentence: 46,перед,X,O
1139,1139,Sentence: 46,очень,X,O
1140,1140,Sentence: 46,популярными,X,O
1141,1141,Sentence: 46,антивирусными,X,O
1142,1142,Sentence: 46,пакетами,X,O
1143,1143,Sentence: 46,.,X,O
1144,1144,Sentence: 46,Также,X,O
1145,1145,Sentence: 46,у,X,O
1146,1146,Sentence: 46,компании,X,O
1147,1147,Sentence: 46,AVAST,X,O
1148,1148,Sentence: 46,Software,X,O
1149,1149,Sentence: 46,есть,X,O
1150,1150,Sentence: 46,и,ADJ,O
1151,1151,Sentence: 46,платные,NOUN,O
1152,1152,Sentence: 46,продукты,VERB,O
1153,1153,Sentence: 46,:,ADV,O
1154,1154,Sentence: 46,avast,ADJ,O
1155,1155,Sentence: 46,!,NOUN,O
1156,1156,Sentence: 46,Pro,VERB,O
1157,1157,Sentence: 46,Antivirus,DET,O
1158,1158,Sentence: 46,–,ADJ,O
1159,1159,Sentence: 46,продукт,NOUN,O
1160,1160,Sentence: 46,для,PUNCT,O
1161,1161,Sentence: 47,домашнего,VERB,O
1162,1162,Sentence: 47,пользования,PUNCT,O
1163,1163,Sentence: 47,",",PART,O
1164,1164,Sentence: 47,содержащий,DET,O
1165,1165,Sentence: 47,avast,VERB,O
1166,1166,Sentence: 47,!,PRON,O
1167,1167,Sentence: 47,Sandbox,VERB,O
1168,1168,Sentence: 47,для,VERB,O
1169,1169,Sentence: 47,проверки,NOUN,O
1170,1170,Sentence: 47,подозрительных,ADP,O
1171,1171,Sentence: 47,веб-сайтов,NUM,O
1172,1172,Sentence: 47,и,ADP,O
1173,1173,Sentence: 47,приложений,PUNCT,O
1174,1174,Sentence: 47,и,VERB,O
1175,1175,Sentence: 47,с,PUNCT,O
1176,1176,Sentence: 47,ускоренным,PUNCT,O
1177,1177,Sentence: 47,процессом,PART,O
1178,1178,Sentence: 47,обновления,PART,O
1179,1179,Sentence: 47,.,ADP,O
1180,1180,Sentence: 47,avast,ADV,O
1181,1181,Sentence: 47,!,ADJ,O
1182,1182,Sentence: 47,Internet,ADJ,O
1183,1183,Sentence: 47,Security,NOUN,O
1184,1184,Sentence: 47,–,PUNCT,O
1185,1185,Sentence: 47,максимальная,ADV,O
1186,1186,Sentence: 47,защита,VERB,O
1187,1187,Sentence: 47,для,VERB,O
1188,1188,Sentence: 47,дома,ADP,O
1189,1189,Sentence: 47,включающая,ADJ,O
1190,1190,Sentence: 47,защиту,PUNCT,O
1191,1191,Sentence: 47,почтовых,NOUN,O
1192,1192,Sentence: 47,сообщений,PUNCT,O
1193,1193,Sentence: 47,и,CCONJ,O
1194,1194,Sentence: 47,блокировку,VERB,O
1195,1195,Sentence: 47,доступа,ADJ,O
1196,1196,Sentence: 47,к,NOUN,O
1197,1197,Sentence: 47,личной,PUNCT,O
1198,1198,Sentence: 48,информации,NOUN,O
1199,1199,Sentence: 48,.,ADV,O
1200,1200,Sentence: 48,avast,VERB,O
1201,1201,Sentence: 48,!,ADJ,O
1202,1202,Sentence: 48,Standard,NOUN,O
1203,1203,Sentence: 48,Suite,ADJ,O
1204,1204,Sentence: 48,–,NOUN,O
1205,1205,Sentence: 48,это,PUNCT,O
1206,1206,Sentence: 48,офисный,VERB,O
1207,1207,Sentence: 48,комплект,DET,O
1208,1208,Sentence: 48,продуктов,NOUN,O
1209,1209,Sentence: 48,в,PART,O
1210,1210,Sentence: 48,одном,ADJ,O
1211,1211,Sentence: 48,решении,ADJ,O
1212,1212,Sentence: 48,",",NOUN,O
1213,1213,Sentence: 48,который,PUNCT,O
1214,1214,Sentence: 49,обеспечивают,CCONJ,O
1215,1215,Sentence: 49,защиту,VERB,O
1216,1216,Sentence: 49,от,VERB,O
1217,1217,Sentence: 49,вирусов,PUNCT,O
1218,1218,Sentence: 49,для,SCONJ,O
1219,1219,Sentence: 49,серверов,DET,O
1220,1220,Sentence: 49,и,NOUN,O
1221,1221,Sentence: 49,рабочих,VERB,O
1222,1222,Sentence: 49,станций,PART,O
1223,1223,Sentence: 49,на,ADJ,O
1224,1224,Sentence: 49,базе,NOUN,O
1225,1225,Sentence: 49,Windows,PUNCT,O
1226,1226,Sentence: 49,.,X,O
1227,1227,Sentence: 49,COMODO,PUNCT,O
1228,1228,Sentence: 49,Нельзя,NUM,O
1229,1229,Sentence: 49,не,X,O
1230,1230,Sentence: 49,сказать,X,O
1231,1231,Sentence: 49,несколько,NUM,O
1232,1232,Sentence: 49,слов,ADP,O
1233,1233,Sentence: 49,о,DET,O
1234,1234,Sentence: 49,бесплатном,ADJ,O
1235,1235,Sentence: 49,антивирусе,NOUN,O
1236,1236,Sentence: 49,COMODO,VERB,O
1237,1237,Sentence: 49,.,X,O
1238,1238,Sentence: 49,Антивирус,PUNCT,O
1239,1239,Sentence: 49,не,NUM,O
1240,1240,Sentence: 49,входит,X,O
1241,1241,Sentence: 49,в,X,O
1242,1242,Sentence: 49,число,PUNCT,O
1243,1243,Sentence: 49,самых,VERB,O
1244,1244,Sentence: 49,лучших,ADP,O
1245,1245,Sentence: 49,программ,DET,O
1246,1246,Sentence: 49,данного,ADJ,O
1247,1247,Sentence: 49,класса,NOUN,O
1248,1248,Sentence: 49,",",NOUN,O
1249,1249,Sentence: 49,но,NOUN,O
1250,1250,Sentence: 49,его,CCONJ,O
1251,1251,Sentence: 49,главным,DET,O
1252,1252,Sentence: 49,достоинством,ADJ,O
1253,1253,Sentence: 49,является,ADJ,O
1254,1254,Sentence: 49,полная,NOUN,O
1255,1255,Sentence: 49,бесплатность,PUNCT,O
1256,1256,Sentence: 50,",",ADP,O
1257,1257,Sentence: 50,т,X,O
1258,1258,Sentence: 50,.,PUNCT,O
1259,1259,Sentence: 50,е,NUM,O
1260,1260,Sentence: 50,.,X,O
1261,1261,Sentence: 50,его,X,O
1262,1262,Sentence: 50,можно,VERB,O
1263,1263,Sentence: 50,использовать,NOUN,O
1264,1264,Sentence: 50,бесплатно,NOUN,O
1265,1265,Sentence: 50,как,NOUN,O
1266,1266,Sentence: 50,дома,PUNCT,O
1267,1267,Sentence: 50,",",VERB,O
1268,1268,Sentence: 50,так,VERB,O
1269,1269,Sentence: 50,и,ADJ,O
1270,1270,Sentence: 50,на,NOUN,O
1271,1271,Sentence: 50,предприятии,ADV,O
1272,1272,Sentence: 50,",",ADP,O
1273,1273,Sentence: 50,т,NOUN,O
1274,1274,Sentence: 50,.,ADJ,O
1275,1275,Sentence: 50,е,NOUN,O
1276,1276,Sentence: 50,.,PUNCT,O
1277,1277,Sentence: 50,в,PRON,O
1278,1278,Sentence: 50,коммерческих,VERB,O
1279,1279,Sentence: 50,целях,ADJ,O
1280,1280,Sentence: 50,.,NOUN,O
1281,1281,Sentence: 50,Comodo,PART,O
1282,1282,Sentence: 50,Group,ADP,O
1283,1283,Sentence: 50,несмотря,ADV,O
1284,1284,Sentence: 50,на,ADJ,O
1285,1285,Sentence: 50,свою,ADJ,O
1286,1286,Sentence: 50,не,NOUN,O
1287,1287,Sentence: 50,лидерскую,PUNCT,O
1288,1288,Sentence: 51,позицию,ADV,O
1289,1289,Sentence: 51,пользователям,ADP,O
1290,1290,Sentence: 51,предоставляет,NOUN,O
1291,1291,Sentence: 51,внушительный,X,O
1292,1292,Sentence: 51,ассортимент,X,O
1293,1293,Sentence: 51,антивирусных,VERB,O
1294,1294,Sentence: 51,продуктов,PART,O
1295,1295,Sentence: 51,",",ADJ,O
1296,1296,Sentence: 51,как,NOUN,O
1297,1297,Sentence: 51,платных,PUNCT,O
1298,1298,Sentence: 51,",",X,O
1299,1299,Sentence: 51,так,PUNCT,O
1300,1300,Sentence: 52,и,X,O
1301,1301,Sentence: 52,бесплатных,X,O
1302,1302,Sentence: 52,:,PUNCT,O
1303,1303,Sentence: 52,Comodo,NOUN,O
1304,1304,Sentence: 52,Antivirus,ADP,O
1305,1305,Sentence: 52,–,ADJ,O
1306,1306,Sentence: 52,бесплатный,NOUN,O
1307,1307,Sentence: 52,продукт,PUNCT,O
1308,1308,Sentence: 52,для,VERB,O
1309,1309,Sentence: 52,домашнего,X,O
1310,1310,Sentence: 52,использования,PUNCT,O
1311,1311,Sentence: 53,",",PROPN,O
1312,1312,Sentence: 53,легкий,ADP,O
1313,1313,Sentence: 53,интерфейс,NOUN,O
1314,1314,Sentence: 53,и,ADJ,O
1315,1315,Sentence: 53,достаточная,NOUN,O
1316,1316,Sentence: 53,защита,CCONJ,O
1317,1317,Sentence: 53,.,NOUN,O
1318,1318,Sentence: 53,Платной,CCONJ,O
1319,1319,Sentence: 53,и,ADP,O
1320,1320,Sentence: 53,расширенной,ADJ,O
1321,1321,Sentence: 53,версией,NOUN,O
1322,1322,Sentence: 53,этого,NOUN,O
1323,1323,Sentence: 53,продукта,NOUN,O
1324,1324,Sentence: 53,является,X,O
1325,1325,Sentence: 53,Comodo,PUNCT,B-sre
1326,1326,Sentence: 54,Antivirus,X,I-sre
1327,1327,Sentence: 54,Plus,X,I-sre
1328,1328,Sentence: 54,Comodo,PUNCT,I-sre
1329,1329,Sentence: 54,Internet,ADJ,I-sre
1330,1330,Sentence: 54,Security,NOUN,I-sre
1331,1331,Sentence: 54,–,ADP,O
1332,1332,Sentence: 54,бесплатное,NOUN,O
1333,1333,Sentence: 54,приложение,VERB,O
1334,1334,Sentence: 54,для,NOUN,O
1335,1335,Sentence: 54,создания,ADJ,O
1336,1336,Sentence: 54,многоуровневой,NOUN,O
1337,1337,Sentence: 54,системы,CCONJ,O
1338,1338,Sentence: 54,безопасности,NOUN,O
1339,1339,Sentence: 54,",",NOUN,O
1340,1340,Sentence: 54,которое,ADP,O
1341,1341,Sentence: 54,не,ADJ,O
1342,1342,Sentence: 54,пускает,NOUN,O
1343,1343,Sentence: 54,хакеров,PUNCT,O
1344,1344,Sentence: 54,к,X,O
1345,1345,Sentence: 54,личной,PUNCT,O
1346,1346,Sentence: 55,информации,X,O
1347,1347,Sentence: 55,.,X,O
1348,1348,Sentence: 55,Имеются,PUNCT,O
1349,1349,Sentence: 55,различные,PART,O
1350,1350,Sentence: 55,типы,ADJ,O
1351,1351,Sentence: 55,антивирусных,NOUN,O
1352,1352,Sentence: 55,программ,NOUN,O
1353,1353,Sentence: 55,–,ADP,O
1354,1354,Sentence: 55,полифаги,NUM,O
1355,1355,Sentence: 55,",",NOUN,O
1356,1356,Sentence: 55,ревизоры,PUNCT,O
1357,1357,Sentence: 55,",",PRON,O
1358,1358,Sentence: 55,блокировщики,VERB,O
1359,1359,Sentence: 55,",",NOUN,O
1360,1360,Sentence: 55,сторожа,ADP,O
1361,1361,Sentence: 55,",",NOUN,O
1362,1362,Sentence: 55,вакцины,ADP,O
1363,1363,Sentence: 55,и,NOUN,O
1364,1364,Sentence: 55,пр,CCONJ,O
1365,1365,Sentence: 55,.,ADJ,O
1366,1366,Sentence: 55,Типы,NOUN,O
1367,1367,Sentence: 55,антивирусных,ADP,O
1368,1368,Sentence: 55,программ,NOUN,O
1369,1369,Sentence: 55,:,PROPN,O
1370,1370,Sentence: 55,Антивирусные,PUNCT,O
1371,1371,Sentence: 56,сканеры,PROPN,O
1372,1372,Sentence: 56,–,ADV,O
1373,1373,Sentence: 56,после,PART,O
1374,1374,Sentence: 56,запуска,VERB,O
1375,1375,Sentence: 56,проверяют,NUM,O
1376,1376,Sentence: 56,файлы,NOUN,O
1377,1377,Sentence: 56,и,ADP,O
1378,1378,Sentence: 56,оперативную,ADJ,O
1379,1379,Sentence: 56,память,NOUN,O
1380,1380,Sentence: 56,и,PROPN,O
1381,1381,Sentence: 56,обеспечивают,PUNCT,O
1382,1382,Sentence: 57,нейтрализацию,NOUN,O
1383,1383,Sentence: 57,найденного,PART,O
1384,1384,Sentence: 57,вируса,VERB,O
1385,1385,Sentence: 57,Антивирусные,ADP,O
1386,1386,Sentence: 57,сторожа,NOUN,O
1387,1387,Sentence: 57,(,ADJ,O
1388,1388,Sentence: 57,мониторы,ADJ,O
1389,1389,Sentence: 57,),NOUN,O
1390,1390,Sentence: 57,–,ADJ,O
1391,1391,Sentence: 57,постоянно,NOUN,O
1392,1392,Sentence: 57,находятся,PUNCT,O
1393,1393,Sentence: 57,в,CCONJ,O
1394,1394,Sentence: 57,ОП,DET,O
1395,1395,Sentence: 57,и,ADJ,O
1396,1396,Sentence: 57,обеспечивают,NOUN,O
1397,1397,Sentence: 57,проверку,VERB,O
1398,1398,Sentence: 57,файлов,ADJ,O
1399,1399,Sentence: 57,в,NOUN,O
1400,1400,Sentence: 57,процессе,PUNCT,O
1401,1401,Sentence: 57,их,PRON,O
1402,1402,Sentence: 57,загрузки,PUNCT,O
1403,1403,Sentence: 57,в,VERB,O
1404,1404,Sentence: 57,ОП,PUNCT,O
1405,1405,Sentence: 57,Полифаги,PRON,O
1406,1406,Sentence: 57,–,ADV,O
1407,1407,Sentence: 57,самые,VERB,O
1408,1408,Sentence: 57,универсальные,ADV,O
1409,1409,Sentence: 57,и,SCONJ,O
1410,1410,Sentence: 57,эффективные,ADV,O
1411,1411,Sentence: 57,антивирусные,PUNCT,O
1412,1412,Sentence: 57,программы,ADV,O
1413,1413,Sentence: 57,.,PART,O
1414,1414,Sentence: 57,Содержит,ADP,O
1415,1415,Sentence: 57,в,NOUN,O
1416,1416,Sentence: 57,себе,PUNCT,O
1417,1417,Sentence: 57,антивирус,PRON,O
1418,1418,Sentence: 57,брандмауэр,PUNCT,O
1419,1419,Sentence: 57,.,VERB,O
1420,1420,Sentence: 57,Обнаруживает,PUNCT,O
1421,1421,Sentence: 57,и,ADP,O
1422,1422,Sentence: 57,устраняет,ADJ,O
1423,1423,Sentence: 57,все,NOUN,O
1424,1424,Sentence: 57,виды,PUNCT,O
1425,1425,Sentence: 58,вирусов,X,O
1426,1426,Sentence: 58,.,X,O
1427,1427,Sentence: 58,Для,ADV,O
1428,1428,Sentence: 58,пользователей,ADP,O
1429,1429,Sentence: 58,",",DET,O
1430,1430,Sentence: 58,требующих,PART,O
1431,1431,Sentence: 58,максимальные,ADJ,O
1432,1432,Sentence: 58,настройки,NOUN,O
1433,1433,Sentence: 58,и,NOUN,O
1434,1434,Sentence: 58,возможности,VERB,O
1435,1435,Sentence: 58,",",ADJ,O
1436,1436,Sentence: 58,компания,NOUN,O
1437,1437,Sentence: 58,Comodo,ADJ,O
1438,1438,Sentence: 58,выпускает,NOUN,O
1439,1439,Sentence: 58,платные,PUNCT,O
1440,1440,Sentence: 58,продукты,SCONJ,O
1441,1441,Sentence: 58,Comodo,ADJ,O
1442,1442,Sentence: 58,Internet,PUNCT,O
1443,1443,Sentence: 58,Security,ADV,O
1444,1444,Sentence: 58,Plus,PART,O
1445,1445,Sentence: 58,",",ADJ,O
1446,1446,Sentence: 58,Comodo,PUNCT,B-sre
1447,1447,Sentence: 58,Internet,X,I-sre
1448,1448,Sentence: 58,Security,X,I-sre
1449,1449,Sentence: 58,Pro,PUNCT,I-sre
1450,1450,Sentence: 58,",",ADJ,O
1451,1451,Sentence: 58,Comodo,NOUN,B-sre
1452,1452,Sentence: 58,Internet,ADP,I-sre
1453,1453,Sentence: 58,Security,ADJ,I-sre
1454,1454,Sentence: 58,Complete,NOUN,I-sre
1455,1455,Sentence: 58,(,PUNCT,O
1456,1456,Sentence: 58,самый,ADJ,O
1457,1457,Sentence: 58,дорогой,NOUN,O
1458,1458,Sentence: 58,продукт,CCONJ,O
1459,1459,Sentence: 58,),ADJ,O
1460,1460,Sentence: 58,.,NOUN,O
1461,1461,Sentence: 58,Проверяют,PUNCT,O
1462,1462,Sentence: 59,файлы,ADJ,O
1463,1463,Sentence: 59,",",CCONJ,O
1464,1464,Sentence: 59,загрузочные,VERB,O
1465,1465,Sentence: 59,сектора,NOUN,O
1466,1466,Sentence: 59,дисков,DET,O
1467,1467,Sentence: 59,и,NOUN,O
1468,1468,Sentence: 59,ОП,VERB,O
1469,1469,Sentence: 59,на,X,O
1470,1470,Sentence: 59,поиск,X,O
1471,1471,Sentence: 59,новых,X,O
1472,1472,Sentence: 59,и,X,O
1473,1473,Sentence: 59,неизвестных,X,O
1474,1474,Sentence: 59,вирусов,X,O
1475,1475,Sentence: 59,.,PUNCT,O
1476,1476,Sentence: 59,Занимают,ADJ,O
1477,1477,Sentence: 59,много,NOUN,O
1478,1478,Sentence: 59,места,ADP,O
1479,1479,Sentence: 59,",",NOUN,O
1480,1480,Sentence: 59,работают,ADJ,O
1481,1481,Sentence: 59,не,NOUN,O
1482,1482,Sentence: 59,быстро,NOUN,O
1483,1483,Sentence: 59,Ревизоры,PUNCT,O
1484,1484,Sentence: 59,–,PRON,O
1485,1485,Sentence: 59,проверяют,PART,O
1486,1486,Sentence: 59,изменение,VERB,O
1487,1487,Sentence: 59,длины,NOUN,O
1488,1488,Sentence: 59,файла,ADP,O
1489,1489,Sentence: 59,.,ADJ,O
1490,1490,Sentence: 59,Не,NOUN,O
1491,1491,Sentence: 59,могут,PUNCT,O
1492,1492,Sentence: 60,обнаружить,VERB,O
1493,1493,Sentence: 60,вирус,ADP,O
1494,1494,Sentence: 60,в,PRON,O
1495,1495,Sentence: 60,новых,NOUN,O
1496,1496,Sentence: 60,файлах,NOUN,O
1497,1497,Sentence: 60,(,PUNCT,O
1498,1498,Sentence: 61,на,VERB,O
1499,1499,Sentence: 61,дискетах,CCONJ,O
1500,1500,Sentence: 61,",",VERB,O
1501,1501,Sentence: 61,при,DET,O
1502,1502,Sentence: 61,распаковке,NOUN,O
1503,1503,Sentence: 61,),NOUN,O
1504,1504,Sentence: 61,",",PUNCT,O
1505,1505,Sentence: 62,т,ADP,O
1506,1506,Sentence: 62,.,NOUN,O
1507,1507,Sentence: 62,к,PUNCT,O
1508,1508,Sentence: 62,.,VERB,O
1509,1509,Sentence: 62,в,ADJ,O
1510,1510,Sentence: 62,базе,NOUN,O
1511,1511,Sentence: 62,данных,CCONJ,O
1512,1512,Sentence: 62,нет,NOUN,O
1513,1513,Sentence: 62,сведений,PUNCT,O
1514,1514,Sentence: 62,о,NOUN,O
1515,1515,Sentence: 62,этих,PROPN,O
1516,1516,Sentence: 62,файлах,VERB,O
1517,1517,Sentence: 62,Блокировщики,ADJ,O
1518,1518,Sentence: 62,–,NOUN,O
1519,1519,Sentence: 62,способны,X,O
1520,1520,Sentence: 62,обнаружить,X,O
1521,1521,Sentence: 62,и,X,O
1522,1522,Sentence: 62,остановить,X,O
1523,1523,Sentence: 62,вирус,PUNCT,O
1524,1524,Sentence: 62,на,X,O
1525,1525,Sentence: 62,самой,X,O
1526,1526,Sentence: 62,ранней,X,O
1527,1527,Sentence: 62,стадии,X,O
1528,1528,Sentence: 62,его,PUNCT,O
1529,1529,Sentence: 62,развития,X,O
1530,1530,Sentence: 62,(,X,O
1531,1531,Sentence: 62,при,X,O
1532,1532,Sentence: 62,записи,X,O
1533,1533,Sentence: 62,в,PUNCT,O
1534,1534,Sentence: 62,загрузочные,ADJ,O
1535,1535,Sentence: 62,сектора,ADJ,O
1536,1536,Sentence: 62,дисков,NOUN,O
1537,1537,Sentence: 62,),PUNCT,O
1538,1538,Sentence: 62,.,PUNCT,O
